,Address,Contact,Email,Name,TA_Link
0,"CCP Complex Atang Dela Rama Sofitel Philippine Plaza Manila, Manila, Luzon 1300 Philippines",+63 2 551 5555,,Spiral,https://www.tripadvisor.com.my//Restaurant_Review-g298573-d1927329-Reviews-Spiral-Manila_Metro_Manila_Luzon.html
1,"Manila Hotel, One Rizal Park Manila, Philippines, Manila, Luzon Philippines",527-0011,,Cafe Ilang-Ilang,https://www.tripadvisor.com.my//Restaurant_Review-g298573-d2190952-Reviews-Cafe_Ilang_Ilang-Manila_Metro_Manila_Luzon.html
2,"518 Quintin Paredes Street Binondo, Manila, Luzon Philippines",+63 2 242 9765,info@engbeetin.com,Eng Bee Tin,https://www.tripadvisor.com.my//Restaurant_Review-g298573-d2035243-Reviews-Eng_Bee_Tin-Manila_Metro_Manila_Luzon.html
3,"1032-34 Belen Street Paco The Oasis Paco Park Hotel, Manila, Luzon 1124 Philippines",+63 2 521 2371,,My Kitchen at the Oasis,https://www.tripadvisor.com.my//Restaurant_Review-g298573-d2436018-Reviews-My_Kitchen_at_the_Oasis-Manila_Metro_Manila_Luzon.html
4,"Biak Na Bato Corner Quezon Boulevard Ave., Quezon City, Luzon 1114 Philippines",,,Cafe Inggo 1587,https://www.tripadvisor.com.my//Restaurant_Review-g298574-d13124974-Reviews-Cafe_Inggo_1587-Quezon_City_Metro_Manila_Luzon.html
5,"Muralla corner Victoria Streets Intramuros, Manila, Luzon 1002 Philippines",+63 2 318 5000,tbi-inquiry@thebayleaf.com.ph,Sky Deck at The Bayleaf Hotel,https://www.tripadvisor.com.my//Restaurant_Review-g298573-d3812197-Reviews-Sky_Deck_at_The_Bayleaf_Hotel-Manila_Metro_Manila_Luzon.html
6,"1588 Pedro Gil Street Cor. M.H. Del Pilar, New World Hotels & Resorts, Manila, Luzon 1004 Philippines",+63 2 252 6888,dining.manilabay@newworldhotels.com,Market Cafe,https://www.tripadvisor.com.my//Restaurant_Review-g298573-d1063454-Reviews-Market_Cafe-Manila_Metro_Manila_Luzon.html
7,"252 Gil Puyat Ave Mezzanine, West Of Ayala Building, Makati, Luzon Philippines",8857537,,Green Bar,https://www.tripadvisor.com.my//Restaurant_Review-g298450-d9867251-Reviews-Green_Bar-Makati_Metro_Manila_Luzon.html
8,"J Vargas Avenue Ground Floor, Mega Fashion Hall, SM Megamall, Manila, Luzon 1550 Philippines",+63 2 470 8836,,Tim Ho Wan,https://www.tripadvisor.com.my//Restaurant_Review-g298573-d6721518-Reviews-Tim_Ho_Wan-Manila_Metro_Manila_Luzon.html
9,"1588 Pedro Gil Street corner MH Del Pilar, Manila, Luzon 1004 Philippines",+63 2 252 6888,manila.casino@hyatt.com,Li Li,https://www.tripadvisor.com.my//Restaurant_Review-g298573-d2196304-Reviews-Li_Li-Manila_Metro_Manila_Luzon.html
10,"Plaza San Luis Complex Gen. Luna Street Intramuros, Manila, Luzon 1002 Philippines",+63 2 527 4086,barbarasfoods@yahoo.com,Barbara's Heritage Restaurant,https://www.tripadvisor.com.my//Restaurant_Review-g298573-d1147643-Reviews-Barbara_s_Heritage_Restaurant-Manila_Metro_Manila_Luzon.html
11,"5057 P. Burgos Cor. General Luna Brgy. Poblacion 2/f, Makati, Luzon 1210 Philippines",+63 946 770 0000,crew@cosmic.com.ph,Cosmic,https://www.tripadvisor.com.my//Restaurant_Review-g298450-d15271960-Reviews-Cosmic-Makati_Metro_Manila_Luzon.html
12,"Corner Gil Puyat Avenue and Roxas Blvd Manila, Pasay, Luzon Philippines",+63 8320658,singingcooksandwaiters@gmail.com,The Singing Cooks & Waiters,https://www.tripadvisor.com.my//Restaurant_Review-g298452-d3773626-Reviews-The_Singing_Cooks_Waiters-Pasay_Metro_Manila_Luzon.html
13,"1790 M. Adriatico Street Malate, Manila, Luzon Philippines",6325093007,,Cafe Adriatico,https://www.tripadvisor.com.my//Restaurant_Review-g298573-d809722-Reviews-Cafe_Adriatico-Manila_Metro_Manila_Luzon.html
14,"1000 Katigbak Parkway Rizal Park, Manila, Luzon 1300 Philippines",632 710-0060,,Harbor View Restaurant,https://www.tripadvisor.com.my//Restaurant_Review-g298573-d1147830-Reviews-Harbor_View_Restaurant-Manila_Metro_Manila_Luzon.html
15,"Centro Commerciale P Complex Sofitel Philippine Plaza Manila, Manila, Luzon 1300 Philippines",+63 2 551 5555,H6308@sofitel.com,Le Bar,https://www.tripadvisor.com.my//Restaurant_Review-g298573-d6163128-Reviews-Le_Bar-Manila_Metro_Manila_Luzon.html
16,"432 San Andres Street Corner Roxas Boulevard, Manila, Luzon 1004 Philippines",+63 2 524 7671,,The Aristocrat Restaurant,https://www.tripadvisor.com.my//Restaurant_Review-g298573-d1147639-Reviews-The_Aristocrat_Restaurant-Manila_Metro_Manila_Luzon.html
17,"Conrad Manila, Seaside Boulevard corner Coral Way Mall of Asia Complex, Pasay, Luzon 1300 Philippines",+63 2 833 9999,conradmanilabythebay@gmail.com,China Blue by Jereme Leung,https://www.tripadvisor.com.my//Restaurant_Review-g298452-d10164846-Reviews-China_Blue_by_Jereme_Leung-Pasay_Metro_Manila_Luzon.html
18,"1911 M. Adriatico Street Malate, Manila, Luzon Philippines",+63 2 523 9153,,Bistro Remedios,https://www.tripadvisor.com.my//Restaurant_Review-g298573-d1147648-Reviews-Bistro_Remedios-Manila_Metro_Manila_Luzon.html
19,"270 Escolta St Calvo Building, Manila, Luzon Philippines",+63 2 232 1054,,Uno Wharf Seafood Palace,https://www.tripadvisor.com.my//Restaurant_Review-g298573-d2012163-Reviews-Uno_Wharf_Seafood_Palace-Manila_Metro_Manila_Luzon.html
20,"Dusit Thani Manila Ayala Centre, Makati, Luzon 1223 Philippines",+63 2 238 8888,dtmn@dusit.com,Benjarong Thai Restaurant,https://www.tripadvisor.com.my//Restaurant_Review-g298450-d1147646-Reviews-Benjarong_Thai_Restaurant-Makati_Metro_Manila_Luzon.html
21,"1588 Pedro Gil Street New World Manila Bay Hotel, Manila, Luzon 1004 Philippines",+63 2 252 6888,dining.manilabay@newworldhotels.com,The Lounge,https://www.tripadvisor.com.my//Restaurant_Review-g298573-d7904862-Reviews-The_Lounge-Manila_Metro_Manila_Luzon.html
22,"744 General Luna St Intramuros, Manila, Luzon 1002 Philippines",632527 3674,reservations@ilustradorestaurant.com.ph,Ilustrado,https://www.tripadvisor.com.my//Restaurant_Review-g298573-d1147835-Reviews-Ilustrado-Manila_Metro_Manila_Luzon.html
23,"7850 Makati Avenue Next To Starbucks And Wendy's. Near Berjaya Hotel and I'm Hotel., Makati, Luzon 1209 Philippines",+63 905 313 4602,hummuselijah@gmail.com,Hummus Elijah,https://www.tripadvisor.com.my//Restaurant_Review-g298450-d8439479-Reviews-Hummus_Elijah-Makati_Metro_Manila_Luzon.html
24,"Felix Huertas 249 2F SM City San Lazaro, Manila, Luzon 1003 Philippines",+63 2 554 6134,cs@iagc.ph,Boulangerie22 - SM San Lazaro,https://www.tripadvisor.com.my//Restaurant_Review-g298573-d10434973-Reviews-Boulangerie22_SM_San_Lazaro-Manila_Metro_Manila_Luzon.html
25,"Victoria Streets Muralla corner, The Bayleaf Intramuros, Manila, Luzon 1002 Philippines",+63 2 318 5000,,Raffaele Woodfired Pizza,https://www.tripadvisor.com.my//Restaurant_Review-g298573-d7128855-Reviews-Raffaele_Woodfired_Pizza-Manila_Metro_Manila_Luzon.html
26,"5 Greenbelt, Manila, Luzon 1227 Philippines",7296860,simplythairestogb@yahoo.com,Simply Thai,https://www.tripadvisor.com.my//Restaurant_Review-g298573-d2354954-Reviews-Simply_Thai-Manila_Metro_Manila_Luzon.html
27,"Adriatico, Manila, Luzon Philippines",,,Robinsons Place Food Court,https://www.tripadvisor.com.my//Restaurant_Review-g298573-d1150150-Reviews-Robinsons_Place_Food_Court-Manila_Metro_Manila_Luzon.html
28,"470 General Luna Street Intramuros, Manila, Luzon 1002 Philippines",+63 2 559 5220,,Ristorante Delle Mitre,https://www.tripadvisor.com.my//Restaurant_Review-g298573-d2091174-Reviews-Ristorante_Delle_Mitre-Manila_Metro_Manila_Luzon.html
29,"110 Williams Street corner Roxas Blvd Beside OLD DFA, Pasay, Luzon 1300 Philippines",+63 2 821 2031,jyfnbph@gmail.com,Chateaubriand,https://www.tripadvisor.com.my//Restaurant_Review-g298452-d15130216-Reviews-Chateaubriand-Pasay_Metro_Manila_Luzon.html
30,"Atang Dela Rama Street Pool Area, Sofitel Philippine Plaza, CCP Complex, Pasay, Luzon 1300 Philippines",+63 2 551 5555,,Sunset Bar,https://www.tripadvisor.com.my//Restaurant_Review-g298452-d2086003-Reviews-Sunset_Bar-Pasay_Metro_Manila_Luzon.html
31,"431 Remedios St, Manila, Luzon Philippines",522 04 29,,COWBOY GRILL,https://www.tripadvisor.com.my//Restaurant_Review-g298573-d1751885-Reviews-COWBOY_GRILL-Manila_Metro_Manila_Luzon.html
32,"1 Aseana Avenue, Entertainment City Entertainment City, Solaire Resort & Casino, Paranaque, Luzon 1701 Philippines",+63 2 888 8888,reservations@solaireresort.com,Red Lantern,https://www.tripadvisor.com.my//Restaurant_Review-g312693-d3979018-Reviews-Red_Lantern-Paranaque_Metro_Manila_Luzon.html
33,"Aseana Avenue Entertainment City, Solaire Resort & Casino, Paranaque, Luzon 1701 Philippines",+63 2 888 8888,reservations@solaireresort.com,Yakumi,https://www.tripadvisor.com.my//Restaurant_Review-g312693-d3979019-Reviews-Yakumi-Paranaque_Metro_Manila_Luzon.html
34,"Roxas Blvd Manila Diamond Hotel, Manila, Luzon 1000 Philippines",(632) 528-3000,,Yurakuen Japanese Restaurant,https://www.tripadvisor.com.my//Restaurant_Review-g298573-d2162070-Reviews-Yurakuen_Japanese_Restaurant-Manila_Metro_Manila_Luzon.html
35,"1 Asean Avenue, Entertainment City Entertainment City, Solaire Resort & Casino, Paranaque, Luzon 1701 Philippines",+63 2 888 8888,reservations@solaireresort.com,Waterside Latin Inspired Cuisine,https://www.tripadvisor.com.my//Restaurant_Review-g312693-d8327366-Reviews-Waterside_Latin_Inspired_Cuisine-Paranaque_Metro_Manila_Luzon.html
36,"112 Gamboa Eton Parkview Greenbelt Building, Makati, Luzon 1223 Philippines",6329462026,,Two Chickpeas,https://www.tripadvisor.com.my//Restaurant_Review-g298450-d13636056-Reviews-Two_Chickpeas-Makati_Metro_Manila_Luzon.html
37,"Pedro Gil cor. Adriatico Streets, Ermita Ground Floor, Pedro Gil Wing, Robinsons Place Manila, Manila, Luzon 1000 Philippines",+63 2 470 1837,,Ippudo Robinsons Place Manila,https://www.tripadvisor.com.my//Restaurant_Review-g298573-d8674953-Reviews-Ippudo_Robinsons_Place_Manila-Manila_Metro_Manila_Luzon.html
38,"Manila, Luzon Philippines",,,Recipes,https://www.tripadvisor.com.my//Restaurant_Review-g298573-d1013304-Reviews-Recipes-Manila_Metro_Manila_Luzon.html
39,"Pablo Ocampo Sr, Manila, Luzon Philippines",,,Century Park Seafood Restaurant,https://www.tripadvisor.com.my//Restaurant_Review-g298573-d803716-Reviews-Century_Park_Seafood_Restaurant-Manila_Metro_Manila_Luzon.html
40,"Aseana Avenue Solaire Resort and Casino, Manila, Luzon 1701 Philippines",6328888888,,Solaire Food Court,https://www.tripadvisor.com.my//Restaurant_Review-g298573-d13838963-Reviews-Solaire_Food_Court-Manila_Metro_Manila_Luzon.html
41,"Serendra at Fort Bonifacio, Manila, Luzon Philippines",,,Mary Grace,https://www.tripadvisor.com.my//Restaurant_Review-g298573-d1718947-Reviews-Mary_Grace-Manila_Metro_Manila_Luzon.html
42,"Belle Avenue Hyatt, City of Dreams Manila, Paranaque, Luzon 1701 Philippines",+63 2 691 1234,,The Cafe,https://www.tripadvisor.com.my//Restaurant_Review-g312693-d7725728-Reviews-The_Cafe-Paranaque_Metro_Manila_Luzon.html
43,"Greenbelt 3, Ayala Centre, Makati, Luzon 1223 Philippines",632 729 2888,,People's Palace,https://www.tripadvisor.com.my//Restaurant_Review-g298450-d804094-Reviews-People_s_Palace-Makati_Metro_Manila_Luzon.html
44,"1153 JP Laurel cor. Aguado S San Miguel, Manila, Luzon Philippines",+63 2 735 5896,reservations@casaroces.com,Casa Roces,https://www.tripadvisor.com.my//Restaurant_Review-g298573-d2216960-Reviews-Casa_Roces-Manila_Metro_Manila_Luzon.html
45,"Aseana Avenue Entertainment City, Paranaque, Luzon 1701 Philippines",+63 2 888 8888,connect@solaireresort.com,Lucky Noodles,https://www.tripadvisor.com.my//Restaurant_Review-g312693-d4049242-Reviews-Lucky_Noodles-Paranaque_Metro_Manila_Luzon.html
46,"523 Merchant Building, Padre Faura Corner Adriatico Street, Ermita,, Manila, Luzon Philippines",,,Dads-Saisaki-Kamayan,https://www.tripadvisor.com.my//Restaurant_Review-g298573-d4300369-Reviews-Dads_Saisaki_Kamayan-Manila_Metro_Manila_Luzon.html
47,"2464 Archer's Nook, Taft Avenue, Manila, Luzon Philippines",+63 2 392 1211,,Zark's Burgers,https://www.tripadvisor.com.my//Restaurant_Review-g298573-d2368734-Reviews-Zark_s_Burgers-Manila_Metro_Manila_Luzon.html
48,"2F Robinsons Place, Manila, Luzon Philippines",+63 2 354 8936,,Mary Grace,https://www.tripadvisor.com.my//Restaurant_Review-g298573-d3823096-Reviews-Mary_Grace-Manila_Metro_Manila_Luzon.html
49,"V Corporate Centre, Soliman Street Salcedo Village, Makati, Luzon 1227 Philippines",+63 2 478 9625,,Mendokoro Ramenba,https://www.tripadvisor.com.my//Restaurant_Review-g298450-d7359828-Reviews-Mendokoro_Ramenba-Makati_Metro_Manila_Luzon.html
50,"Pedro Gil St Midtown Wing, 2nd Level, Robinson Place Ermita, Manila, Luzon 1000 Philippines",+63 2 567 3800,aryapersianrestaurant@yahoo.com,Arya Persian Restaurant,https://www.tripadvisor.com.my//Restaurant_Review-g298573-d9727282-Reviews-Arya_Persian_Restaurant-Manila_Metro_Manila_Luzon.html
51,"45 Salas St Malate, Manila, Luzon Philippines",+63 2 525 4541,,Shawarma Snack Center,https://www.tripadvisor.com.my//Restaurant_Review-g298573-d1150169-Reviews-Shawarma_Snack_Center-Manila_Metro_Manila_Luzon.html
52,"1170 Roxas Boulevard Ermita, Manila, Luzon Philippines",06325238510,,Emerald Garden,https://www.tripadvisor.com.my//Restaurant_Review-g298573-d1053285-Reviews-Emerald_Garden-Manila_Metro_Manila_Luzon.html
53,"Conrad Manila, Seaside Boulevard corner Coral Way Mall of Asia Complex, Pasay, Luzon 1300 Philippines",+63 2 833 9999,conradmanila@conradhotels.com,Brasserie on 3,https://www.tripadvisor.com.my//Restaurant_Review-g298452-d10164845-Reviews-Brasserie_on_3-Pasay_Metro_Manila_Luzon.html
54,"508-512 General Malvar St, Corner A, Mabini St. Malate, Manila, Luzon Philippines",+63 2 536 8392,,Tao Yuan Restaurant,https://www.tripadvisor.com.my//Restaurant_Review-g298573-d1238462-Reviews-Tao_Yuan_Restaurant-Manila_Metro_Manila_Luzon.html
55,"4364 Valdez St., Makati, Luzon Philippines",+63 906 349 1300,beniesfalafel@gmail.com,Beni's Falafel,https://www.tripadvisor.com.my//Restaurant_Review-g298450-d4106387-Reviews-Beni_s_Falafel-Makati_Metro_Manila_Luzon.html
56,"116 Connecticut St San Juan, Manila, Luzon 1502 Philippines",6325420196,lugangcafe88@yahoo.com,Lugang Cafe,https://www.tripadvisor.com.my//Restaurant_Review-g298573-d2040109-Reviews-Lugang_Cafe-Manila_Metro_Manila_Luzon.html
57,"6752 Ayala Avenue corner Makati Ave Podium Level LV Locsin Building, Makati, Luzon 1203 Philippines",+63 2 750 1555,info@salarestaurant.com,Sala Restaurant,https://www.tripadvisor.com.my//Restaurant_Review-g298450-d1410569-Reviews-Sala_Restaurant-Makati_Metro_Manila_Luzon.html
58,"233-235 Dasmarinas cor. Yuchengco St. Binondo Manila, Manila, Luzon Philippines",6327103856,,Ying Ying Teahouse,https://www.tripadvisor.com.my//Restaurant_Review-g298573-d3249919-Reviews-Ying_Ying_Teahouse-Manila_Metro_Manila_Luzon.html
59,"1 Aseana Avenue Entertainment City, Solaire Resort & Casino, Paranaque, Luzon 1701 Philippines",+63 2 888 8888,reservations@solaireresort.com,Finestra Italian Steakhouse,https://www.tripadvisor.com.my//Restaurant_Review-g312693-d3979014-Reviews-Finestra_Italian_Steakhouse-Paranaque_Metro_Manila_Luzon.html
60,"1 Aseana Avenue Entertainment City, Solaire Resort & Casino, Paranaque, Luzon 1701 Philippines",+63 2 888 8859,reservations@solaireresort.com,Fresh International Buffet,https://www.tripadvisor.com.my//Restaurant_Review-g312693-d6959701-Reviews-Fresh_International_Buffet-Paranaque_Metro_Manila_Luzon.html
61,"533 Remedios St., Manila, Luzon Philippines",+63 2 405 0288,info@tanaberestaurant.com,Tanabe Japanese Restaurant,https://www.tripadvisor.com.my//Restaurant_Review-g298573-d6774637-Reviews-Tanabe_Japanese_Restaurant-Manila_Metro_Manila_Luzon.html
62,"1 Almeda Street Sto. Rosario, Silangan, Pateros, Manila, Luzon Philippines",+63 2 898 7777,,Mang Inasal,https://www.tripadvisor.com.my//Restaurant_Review-g298573-d1737161-Reviews-Mang_Inasal-Manila_Metro_Manila_Luzon.html
63,"810 Benavidez St. Binondo Manila, Manila, Luzon Philippines",,,Wai Ying,https://www.tripadvisor.com.my//Restaurant_Review-g298573-d3330009-Reviews-Wai_Ying-Manila_Metro_Manila_Luzon.html
64,"1799 Adriatico Street Malate, Manila, Luzon 1004 Philippines",+63 2 521 6695,koreanpalace@outlook.com,Korean Palace Restaurant,https://www.tripadvisor.com.my//Restaurant_Review-g298573-d1147842-Reviews-Korean_Palace_Restaurant-Manila_Metro_Manila_Luzon.html
65,"642 Yuchengo Street, Manila, Luzon 1006 Philippines",6322418912,,Dong Bei Dumpling,https://www.tripadvisor.com.my//Restaurant_Review-g298573-d1866216-Reviews-Dong_Bei_Dumpling-Manila_Metro_Manila_Luzon.html
66,"573 Julian Nakpil, Manila, Luzon 1004 Philippines",+63 2 523 0189,,Casa Armas,https://www.tripadvisor.com.my//Restaurant_Review-g298573-d1011394-Reviews-Casa_Armas-Manila_Metro_Manila_Luzon.html
67,"Manila Diamond Hotel Corner Roxas Boulvard and J. Quintos Street, Manila, Luzon Philippines",,,Corniche,https://www.tripadvisor.com.my//Restaurant_Review-g298573-d2162069-Reviews-Corniche-Manila_Metro_Manila_Luzon.html
68,"Level 2 Pedro Gil Wing, Adriatico Street Robinsons Place Mall, Manila, Luzon 1000 Philippines",536-7964,,Shakey's,https://www.tripadvisor.com.my//Restaurant_Review-g298573-d1493942-Reviews-Shakey_s-Manila_Metro_Manila_Luzon.html
69,"540 Ronquillo Street Sta. Cruz, Manila, Luzon Philippines",+63 2 733 0642,,Ramon Lee's Panciteria,https://www.tripadvisor.com.my//Restaurant_Review-g298573-d1996386-Reviews-Ramon_Lee_s_Panciteria-Manila_Metro_Manila_Luzon.html
70,"497 E. T. Yuchengco Street Binondo, Manila, Luzon Philippines",+ 63 2 241 9990-91,sincerityrestaurant@yahoo.com,Sincerity Cafe and Restaurant,https://www.tripadvisor.com.my//Restaurant_Review-g298573-d2039695-Reviews-Sincerity_Cafe_and_Restaurant-Manila_Metro_Manila_Luzon.html
71,"Nielson Tower, Ayala Triangle Across the Manila Peninsula Hotel, Makati, Luzon 1226 Philippines",+63 2 828 4888,,Blackbird,https://www.tripadvisor.com.my//Restaurant_Review-g298450-d6898153-Reviews-Blackbird-Makati_Metro_Manila_Luzon.html
72,"United Street Ace Hotel & Suites, Corner Brixton Street Kapitolyo, Ground Floor Ala Carte Area, Pasig, Luzon 1603 Philippines",+63 2 628 1888,marketing@acehotelsuites.com,Ace Coffee Lounge,https://www.tripadvisor.com.my//Restaurant_Review-g298453-d14880648-Reviews-Ace_Coffee_Lounge-Pasig_Metro_Manila_Luzon.html
73,"2nd Floor, Manila Ocean Park behind Quirino Grandstand, Manila, Luzon 1000 Philippines",+63 2 238 6100,inquiry@hotelh2o.com,Makan Makan Asian Food Village,https://www.tripadvisor.com.my//Restaurant_Review-g298573-d1775305-Reviews-Makan_Makan_Asian_Food_Village-Manila_Metro_Manila_Luzon.html
74,"Gen Romulo Ave Cubao, Manila, Luzon Philippines",+63 2 913 2550,,Bellini's,https://www.tripadvisor.com.my//Restaurant_Review-g298573-d1147645-Reviews-Bellini_s-Manila_Metro_Manila_Luzon.html
75,"United Street Corner Brixton Street Penthouse, 21st Floor Ace Hotel And Suites United Corner Brixton Street, Pasig, Luzon 1603 Philippines",+63 917 549 9362,skyhigh729@gmail.com,Sky High Bar,https://www.tripadvisor.com.my//Restaurant_Review-g298453-d10514622-Reviews-Sky_High_Bar-Pasig_Metro_Manila_Luzon.html
76,"United St. Corner Brixton St., Pasig, Luzon 1603 Philippines",(63 2) 628-1888,,Ace International Buffet,https://www.tripadvisor.com.my//Restaurant_Review-g298453-d8455233-Reviews-Ace_International_Buffet-Pasig_Metro_Manila_Luzon.html
77,"United Street 6th Floor Ace Hotel And Suites, Pasig, Luzon 1603 Philippines",+63 2 462 8211,party.ktv@acehotelsuites.com,Party Party Family KTV,https://www.tripadvisor.com.my//Restaurant_Review-g298453-d10514641-Reviews-Party_Party_Family_KTV-Pasig_Metro_Manila_Luzon.html
78,"Manila Diamond Hotel, Corner Roxas Boulevard and Dr. J. Quintos Street Ermita, Manila, Luzon Philippines",+63 2 528 3000,,Sky Lounge Music Bar,https://www.tripadvisor.com.my//Restaurant_Review-g298573-d3603686-Reviews-Sky_Lounge_Music_Bar-Manila_Metro_Manila_Luzon.html
79,"960 Masangkay St Binondo, Manila, Luzon Philippines",+63 2 244 8654,,Tasty Dumplings,https://www.tripadvisor.com.my//Restaurant_Review-g298573-d1150176-Reviews-Tasty_Dumplings-Manila_Metro_Manila_Luzon.html
80,"One Rizal Park, Roxas Blvd (MANILA HOTEL), Manila, Luzon Philippines",+63 2 527 0011,,Champagne Room,https://www.tripadvisor.com.my//Restaurant_Review-g298573-d1910273-Reviews-Champagne_Room-Manila_Metro_Manila_Luzon.html
81,"818 Benavidez Street, Binondo,, Manila, Luzon Philippines",,,Lan Zhou La Mien,https://www.tripadvisor.com.my//Restaurant_Review-g298573-d4299862-Reviews-Lan_Zhou_La_Mien-Manila_Metro_Manila_Luzon.html
82,"Retiro Street, Quezon City Retiro Street, Manila, Luzon Philippines",+63 2 741 2637,,Original Pares Mami House,https://www.tripadvisor.com.my//Restaurant_Review-g298573-d2072705-Reviews-Original_Pares_Mami_House-Manila_Metro_Manila_Luzon.html
83,"1906 Taft Avenue, Manila, Luzon Philippines",708-3484,kanlungan_sa_erma@hotmail.com,KSEM Coffee Shop,https://www.tripadvisor.com.my//Restaurant_Review-g298573-d2523432-Reviews-KSEM_Coffee_Shop-Manila_Metro_Manila_Luzon.html
84,"471 Remedios Street, Manila, Luzon Philippines",+63 2 526 7744,,Wok Inn Malate,https://www.tripadvisor.com.my//Restaurant_Review-g298573-d2052438-Reviews-Wok_Inn_Malate-Manila_Metro_Manila_Luzon.html
85,"The Glass House, 1771 M Adriatico Street, Malate, Manila, Luzon Philippines",+63 2 353 6388,cbtladr@coffeebean.com.ph,The Coffee Bean & Tea Leaf Malate,https://www.tripadvisor.com.my//Restaurant_Review-g298573-d4271003-Reviews-The_Coffee_Bean_Tea_Leaf_Malate-Manila_Metro_Manila_Luzon.html
86,"510 Padre Faura street Adriatico corner, Manila, Luzon 1200 Philippines",+63 2 708 0170,admin@gpointbar.com,G Point Smorgasbord & Bar,https://www.tripadvisor.com.my//Restaurant_Review-g298573-d1902764-Reviews-G_Point_Smorgasbord_Bar-Manila_Metro_Manila_Luzon.html
87,"Adriatico Street G/F Robinson's Place Manila, Manila, Luzon Philippines",+63 2 353 5067,,Ramen Nagi,https://www.tripadvisor.com.my//Restaurant_Review-g298573-d8007982-Reviews-Ramen_Nagi-Manila_Metro_Manila_Luzon.html
88,"1335 Unit 1-B a Mabini Street Ermita, Manila, Luzon 1100 Philippines",+63 2 242 1504,Dakotacabin@yahoo.com,Dakota Cabin Cafe Bar and Bistro,https://www.tripadvisor.com.my//Restaurant_Review-g298573-d6704294-Reviews-Dakota_Cabin_Cafe_Bar_and_Bistro-Manila_Metro_Manila_Luzon.html
89,"927 Benavidez Street Binondo, Manila, Luzon Philippines",+63 2 245 4603,,Wai Ying Fastfood,https://www.tripadvisor.com.my//Restaurant_Review-g298573-d2046372-Reviews-Wai_Ying_Fastfood-Manila_Metro_Manila_Luzon.html
90,"Ayala Avenue corner Makati Ave, Makati, Luzon 1203 Philippines",+63 2 814 2580,rric.slm@shangri-la.com,Dining at Makati Shangri-La Manila,https://www.tripadvisor.com.my//Restaurant_Review-g298450-d1055753-Reviews-Dining_at_Makati_Shangri_La_Manila-Makati_Metro_Manila_Luzon.html
91,"Robinson's Ermita Ground Floor, Manila, Luzon Philippines",+63 2 536 7839,,Jollibee,https://www.tripadvisor.com.my//Restaurant_Review-g298573-d1472541-Reviews-Jollibee-Manila_Metro_Manila_Luzon.html
92,"Corner of 30th Street & 5th Avenue Bonifacio Global City, Taguig 1634 Metro Manila, Philippines, Taguig City, Luzon 1634 Philippines",+63 2 820 0888,ragingbullburgers@shangri-la.com,Raging Bull Burgers,https://www.tripadvisor.com.my//Restaurant_Review-g1758900-d12498497-Reviews-Raging_Bull_Burgers-Taguig_City_Metro_Manila_Luzon.html
93,"Greenhills Greenhills Shopping Complex, Greenhills, Manila, Luzon 1500 Philippines",5700921,,Gloria Maris,https://www.tripadvisor.com.my//Restaurant_Review-g298573-d2074851-Reviews-Gloria_Maris-Manila_Metro_Manila_Luzon.html
94,"Ayala Avenue The Peninsula Manila, Manila, Luzon Philippines",6328872888,,Old Manila,https://www.tripadvisor.com.my//Restaurant_Review-g298573-d2660031-Reviews-Old_Manila-Manila_Metro_Manila_Luzon.html
95,"30th Street Corner 5th Avenue 2nd Floor, Shangri-La at the Fort, Fort Bonifacio Global City, Taguig City, Luzon 1634 Philippines",+63 2 820 0888,highstreetcafe@shangri-la.com,High Street Cafe,https://www.tripadvisor.com.my//Restaurant_Review-g1758900-d9993670-Reviews-High_Street_Cafe-Taguig_City_Metro_Manila_Luzon.html
96,"1771 Adriatico St Ermita, Manila, Luzon 1004 Philippines",,,Starbucks,https://www.tripadvisor.com.my//Restaurant_Review-g298573-d1755554-Reviews-Starbucks-Manila_Metro_Manila_Luzon.html
97,"1547 Adriatico Street Corner Pedro Gil St., Ermita, Manila, Luzon 1000 Philippines",+63 2 394 8612,info@makchang.net,Makchang,https://www.tripadvisor.com.my//Restaurant_Review-g298573-d7112874-Reviews-Makchang-Manila_Metro_Manila_Luzon.html
98,"603 Nakpil Corner Bocobo Street, Manila, Luzon Philippines",+63 926 713 3523,,Purple Yam,https://www.tripadvisor.com.my//Restaurant_Review-g298573-d6865365-Reviews-Purple_Yam-Manila_Metro_Manila_Luzon.html
99,"North Wing Entertainment Mall, Mall of Asia, Manila, Luzon Philippines",5564456 ,,TGI Friday's,https://www.tripadvisor.com.my//Restaurant_Review-g298573-d2201474-Reviews-TGI_Friday_s-Manila_Metro_Manila_Luzon.html
100,"30th 5th Avenue 8th Floor, Shangri-La at the Fort, Fort Bonifacio Global City, Taguig City, Luzon 1630 Philippines",+63 2 820 0888,samba@shangri-la.com,Samba,https://www.tripadvisor.com.my//Restaurant_Review-g1758900-d9993892-Reviews-Samba-Taguig_City_Metro_Manila_Luzon.html
101,"628 Ongpinn Street Binondo, Manila, Luzon Philippines",+63 2 241 9999,,Eng Bee Tin,https://www.tripadvisor.com.my//Restaurant_Review-g298573-d2035235-Reviews-Eng_Bee_Tin-Manila_Metro_Manila_Luzon.html
102,"Nicanor Garcia Street SM Jazz Mal, Makati, Luzon 1209 Philippines",+63 63 891 3888,vikings.jazz@yahoo.com,Vikings Jazz Mall,https://www.tripadvisor.com.my//Restaurant_Review-g298450-d7381248-Reviews-Vikings_Jazz_Mall-Makati_Metro_Manila_Luzon.html
103,"387 P. Guevarra Street, San Juan, Luzon 1500 Philippines",+63 2 705 1874,cheflaudicoguevarra@gmail.com,Chef Laudico Guevarra's,https://www.tripadvisor.com.my//Restaurant_Review-g1806168-d4039332-Reviews-Chef_Laudico_Guevarra_s-San_Juan_Metro_Manila_Luzon.html
104,"1313 Adriatico Street, Manila, Luzon 1000 Philippines",,,Tap Station,https://www.tripadvisor.com.my//Restaurant_Review-g298573-d10387556-Reviews-Tap_Station-Manila_Metro_Manila_Luzon.html
105,"1668 Mabini St, Malate, Manila, Luzon 1008 Philippines",+63 2 400 6491,,Yue Lai Seafood and Hotpot Restaurant,https://www.tripadvisor.com.my//Restaurant_Review-g298573-d7911028-Reviews-Yue_Lai_Seafood_and_Hotpot_Restaurant-Manila_Metro_Manila_Luzon.html
106,"Ground Floor, Bayview Park Hotel 118 Roxas Boulevard, Manila, Luzon Philippines",,,Starbucks,https://www.tripadvisor.com.my//Restaurant_Review-g298573-d1754172-Reviews-Starbucks-Manila_Metro_Manila_Luzon.html
107,"Quintin Paredes Rd, Manila, Luzon 1006 Philippines",+63 2 241 8789,,New Po Heng Lumpia House,https://www.tripadvisor.com.my//Restaurant_Review-g298573-d10044702-Reviews-New_Po_Heng_Lumpia_House-Manila_Metro_Manila_Luzon.html
108,"26th Street Corner 5th Avenue Bonifacio Global City, Manila, Luzon 1630 Philippines",+63 2 889 3963,,L'Opera Ristorante Italiano,https://www.tripadvisor.com.my//Restaurant_Review-g298573-d1116104-Reviews-L_Opera_Ristorante_Italiano-Manila_Metro_Manila_Luzon.html
109,"Unit 101 Forbeswood Heights Rizal Drive The Fort Taguig, Manila, Luzon Philippines",9000726,,Barcino Wine and Tapas,https://www.tripadvisor.com.my//Restaurant_Review-g298573-d1105521-Reviews-Barcino_Wine_and_Tapas-Manila_Metro_Manila_Luzon.html
110,"637-639 Carvajal St. Binondo, Manila, Luzon Philippines",,,Quik Snack Restaurant,https://www.tripadvisor.com.my//Restaurant_Review-g298573-d2076331-Reviews-Quik_Snack_Restaurant-Manila_Metro_Manila_Luzon.html
111,"One Lafayette Square Bldg Sedeno Street Salcedo Village, Makati, Luzon 1227 Philippines",(632) 8434075,,Apartment 1B,https://www.tripadvisor.com.my//Restaurant_Review-g298450-d1372149-Reviews-Apartment_1B-Makati_Metro_Manila_Luzon.html
112,"8th Floor Ace Hotel & Suites United Street corner Brixton Street, Kapitolyo, Pasig, Luzon 1603 Philippines",+63 2 628 1888,skygardensteakhouse.ace@gmail.com,Sky Garden Steak House,https://www.tripadvisor.com.my//Restaurant_Review-g298453-d12450494-Reviews-Sky_Garden_Steak_House-Pasig_Metro_Manila_Luzon.html
113,"650 Ongpin Street Binondo, Manila, Luzon Philippines",+63 2 242 9759,,Eng Bee Tin,https://www.tripadvisor.com.my//Restaurant_Review-g298573-d2035245-Reviews-Eng_Bee_Tin-Manila_Metro_Manila_Luzon.html
114,"Lower Ground Floor, Robinsons Magnolia Mall Corner Aurora Boulevard and Dona Hemady Street, New Manila, Quezon City, Luzon Philippines",+63 2 961 4975,feedback@yabu.ph,Yabu House of Katsu,https://www.tripadvisor.com.my//Restaurant_Review-g298574-d3761591-Reviews-Yabu_House_of_Katsu-Quezon_City_Metro_Manila_Luzon.html
115,"Pedro Gil St. Level 1 Unit 188-190, Robinsons Place Malate, Manila, Luzon 1000 Philippines",+63 2 354 3562,,Tim Ho Wan,https://www.tripadvisor.com.my//Restaurant_Review-g298573-d8728319-Reviews-Tim_Ho_Wan-Manila_Metro_Manila_Luzon.html
116,"746-750 Ongpin St Santa Cruz, Manila, Luzon Philippines",+63 2 244 7235,,President Grand Palace Restaurant,https://www.tripadvisor.com.my//Restaurant_Review-g298573-d1150117-Reviews-President_Grand_Palace_Restaurant-Manila_Metro_Manila_Luzon.html
117,"Epifanio De Los Santos Ave Unit CC323 3/F SM North EDSA - City Center Main Building, Brgy. Sto Cristo, Manila, Luzon 1105 Philippines",+63 2 351 4863,cs@iagc.ph,Boulangerie22 - North Edsa,https://www.tripadvisor.com.my//Restaurant_Review-g298573-d12615346-Reviews-Boulangerie22_North_Edsa-Manila_Metro_Manila_Luzon.html
118,"Muralla corner Victoria Streets, Manila, Luzon 1002 Philippines",+63 2 318 5000,inquiry@thebayleaf.com.ph,9 Spoons,https://www.tripadvisor.com.my//Restaurant_Review-g298573-d3724064-Reviews-9_Spoons-Manila_Metro_Manila_Luzon.html
119,"Pedro Gil cor. Adriatico Sts. Ground Floor, Robinson's Place Manila, Padre Faura Wing, Ermita, Manila, Luzon Philippines",302-0228,,Bread Talk,https://www.tripadvisor.com.my//Restaurant_Review-g298573-d2494367-Reviews-Bread_Talk-Manila_Metro_Manila_Luzon.html
120,"Quezon City 523 Padre Faura St., Manila, Luzon Philippines",+63 2 528 1723,hello@munchpunch.com,Kamayan,https://www.tripadvisor.com.my//Restaurant_Review-g298573-d2027129-Reviews-Kamayan-Manila_Metro_Manila_Luzon.html
121,"Ayala Avenue, Makati, Luzon Philippines",63 2 887 2888 Ext 6759,reservationgcsc@peninsula.com,The Lobby at Manila Peninsula Hotel,https://www.tripadvisor.com.my//Restaurant_Review-g298450-d2426148-Reviews-The_Lobby_at_Manila_Peninsula_Hotel-Makati_Metro_Manila_Luzon.html
122,"9677 Kamagong Street Corner Chino Roces Street, Makati, Luzon 1203 Philippines",+(63)7297071,admin@pizzaworld.ph,Pizza World,https://www.tripadvisor.com.my//Restaurant_Review-g298450-d9559799-Reviews-Pizza_World-Makati_Metro_Manila_Luzon.html
123,"566 Julio Napkil Street Malate, Manila, Luzon Philippines",+63 2 524 4958,,Korean Village,https://www.tripadvisor.com.my//Restaurant_Review-g298573-d818997-Reviews-Korean_Village-Manila_Metro_Manila_Luzon.html
124,"809-813 Salazar St Santa Cruz, Manila, Luzon Philippines",+63 2 243 9079,,President Tea House,https://www.tripadvisor.com.my//Restaurant_Review-g298573-d1150122-Reviews-President_Tea_House-Manila_Metro_Manila_Luzon.html
125,"Fourth Floor Crowne Plaza Galleria. Ortigas Avenue, Quezon City, Luzon Philippines",+63 2 633 7222,fandb.reservations@ihg.com,Xin Tian Di,https://www.tripadvisor.com.my//Restaurant_Review-g298574-d1728793-Reviews-Xin_Tian_Di-Quezon_City_Metro_Manila_Luzon.html
126,"Microtel by Wyndham Mall of Asia Microtel By Wyndham, Pasay, Luzon 1308 Philippines",+63 2 403 3333,millies@microtel.ph,Millie’s All-day Dining,https://www.tripadvisor.com.my//Restaurant_Review-g298452-d1988461-Reviews-Millie_s_All_day_Dining-Pasay_Metro_Manila_Luzon.html
127,"UN Ave. cor. Roxas Blvd, Malate, Manila, Luzon 1007 Philippines",+63 2 789 9999,,Yellow cab pizza co,https://www.tripadvisor.com.my//Restaurant_Review-g298573-d3438263-Reviews-Yellow_cab_pizza_co-Manila_Metro_Manila_Luzon.html
128,"1212 Arquiza Trade Center M.H. Del Pilar St. Corner, Manila, Luzon 1004 Philippines",+63 2 521 7604,sam_hobbit20 @yahoo.com,Hobbit House,https://www.tripadvisor.com.my//Restaurant_Review-g298573-d1175059-Reviews-Hobbit_House-Manila_Metro_Manila_Luzon.html
129,"Aduana St. cor. Muralla St. Intramuros, Manila, Luzon Philippines",,,Jollibee,https://www.tripadvisor.com.my//Restaurant_Review-g298573-d3732162-Reviews-Jollibee-Manila_Metro_Manila_Luzon.html
130,"1166 Del Pilar Street Corner Arquiza Street, Hotel La Corona Manila, Manila, Luzon 1009 Philippines",(632) 524 2631,reserve@bestwesternhotelmanila.com,1166 Bistro & Bar,https://www.tripadvisor.com.my//Restaurant_Review-g298573-d12857226-Reviews-1166_Bistro_Bar-Manila_Metro_Manila_Luzon.html
131,"30th Street Corner 5th Avenue 8th Floor, Shangri-La at the Fort, Fort Bonifacio Global City, Taguig City, Luzon Philippines",+63 2 820 0888,highstreetlounge@shangri-la.com,High Street Lounge,https://www.tripadvisor.com.my//Restaurant_Review-g1758900-d9993895-Reviews-High_Street_Lounge-Taguig_City_Metro_Manila_Luzon.html
132,"125 L. P. Leviste Street V Corporate Center, Salcdeo Village, Makati, Luzon 1209 Philippines",+63 2 808 7072,,Wildflour Cafe + Bakery,https://www.tripadvisor.com.my//Restaurant_Review-g298450-d6921851-Reviews-Wildflour_Cafe_Bakery-Makati_Metro_Manila_Luzon.html
133,"998 Roxas Boulevard Malate Manila, Manila, Luzon Philippines",+63 2 404 3556,,Max's Restaurant in Malate,https://www.tripadvisor.com.my//Restaurant_Review-g298573-d3803152-Reviews-Max_s_Restaurant_in_Malate-Manila_Metro_Manila_Luzon.html
134,"Mabini St. Cor. Padre Faura St. Malate, Manila, Luzon Philippines",+63 927 327 8989,,Samgyupsalamat,https://www.tripadvisor.com.my//Restaurant_Review-g298573-d13413510-Reviews-Samgyupsalamat-Manila_Metro_Manila_Luzon.html
135,"523 Padre Faura Street, Manila, Luzon 1007 Philippines",+63 2 844 4924,,Kashmir,https://www.tripadvisor.com.my//Restaurant_Review-g298573-d1145420-Reviews-Kashmir-Manila_Metro_Manila_Luzon.html
136,"Paseo de Roxas Greenbelt 2, Makati, Luzon 1223 Philippines",63 2 823 7746,,Mary Grace,https://www.tripadvisor.com.my//Restaurant_Review-g298450-d1718707-Reviews-Mary_Grace-Makati_Metro_Manila_Luzon.html
137,"Edsa Shangrila Hotel, Manila, Luzon Philippines",+63 2 633 8888,,Summer Palace,https://www.tripadvisor.com.my//Restaurant_Review-g298573-d2716590-Reviews-Summer_Palace-Manila_Metro_Manila_Luzon.html
138,"Greenbelt 3, Ayala Center, Makati, Luzon 1223 Philippines",632 729 7500,info@salabistro.com,Sala Bistro,https://www.tripadvisor.com.my//Restaurant_Review-g298450-d1479880-Reviews-Sala_Bistro-Makati_Metro_Manila_Luzon.html
139,"Puerta Isabel II Muralla Street, Manila, Luzon Philippines",,,Starbucks,https://www.tripadvisor.com.my//Restaurant_Review-g298573-d1754175-Reviews-Starbucks-Manila_Metro_Manila_Luzon.html
140,"2277 Chino Roces Ave. Fernando St corner Amorsolo, Makati, Luzon Philippines",+63 2 894 3855,,Seryna Japanese Restaurant,https://www.tripadvisor.com.my//Restaurant_Review-g298450-d2326149-Reviews-Seryna_Japanese_Restaurant-Makati_Metro_Manila_Luzon.html
141,"San Miguel Seaside Boulevard, Pasay, Luzon Philippines",+63 2 846 3888,,Vikings,https://www.tripadvisor.com.my//Restaurant_Review-g298452-d2104108-Reviews-Vikings-Pasay_Metro_Manila_Luzon.html
142,"Resorts World Manila Ground Floor – Block 1,Shop 17B, Newport City, Manila, Luzon Philippines",6325501452,,1837 TWG Tea Salon and Boutique,https://www.tripadvisor.com.my//Restaurant_Review-g298573-d4482059-Reviews-1837_TWG_Tea_Salon_and_Boutique-Manila_Metro_Manila_Luzon.html
143,"150 Jupiter Street Bel-Air Village, Makati, Luzon 1209 Philippines",+63 2 897 0295,cornertreecafe@gmail.com,Corner Tree Cafe,https://www.tripadvisor.com.my//Restaurant_Review-g298450-d1757924-Reviews-Corner_Tree_Cafe-Makati_Metro_Manila_Luzon.html
144,"1688-B J. Bocobo St. Malate, Manila, Luzon 1004 Philippines",632-516-7296,oarhousepub@gmail.com,Oarhouse Pub of Manila,https://www.tripadvisor.com.my//Restaurant_Review-g298573-d2096355-Reviews-Oarhouse_Pub_of_Manila-Manila_Metro_Manila_Luzon.html
145,"Andres Soriano Street, Intramuros, Manila, Luzon Philippines",,,Max's Restaurant,https://www.tripadvisor.com.my//Restaurant_Review-g298573-d4303087-Reviews-Max_s_Restaurant-Manila_Metro_Manila_Luzon.html
146,"L.M. Guerrero Malate, Manila, Luzon Philippines",,,Mr. Poon,https://www.tripadvisor.com.my//Restaurant_Review-g298573-d4281748-Reviews-Mr_Poon-Manila_Metro_Manila_Luzon.html
147,"682 Pedro Gil Street, Manila, Luzon Philippines",+63 2 524 3104,,Hap Chan Tea House,https://www.tripadvisor.com.my//Restaurant_Review-g298573-d2035217-Reviews-Hap_Chan_Tea_House-Manila_Metro_Manila_Luzon.html
148,"Connecticut Street Carpark Greenhills Shopping Complex, Greenhills, Manila, Luzon 1100 Philippines",+63 2 721 1358,,Casa Reyes,https://www.tripadvisor.com.my//Restaurant_Review-g298573-d2074550-Reviews-Casa_Reyes-Manila_Metro_Manila_Luzon.html
149,"1200 Makati Ave Makati, Manila, Luzon Philippines",+63 2 896 3475,,North Park Noodles,https://www.tripadvisor.com.my//Restaurant_Review-g298573-d1150094-Reviews-North_Park_Noodles-Manila_Metro_Manila_Luzon.html
150,"1197 Jorge Bocobo corner Arquiza Street, Ermita, Manila, Luzon Philippines",5363993,,Hizon's Cakes & Pastries,https://www.tripadvisor.com.my//Restaurant_Review-g298573-d4303085-Reviews-Hizon_s_Cakes_Pastries-Manila_Metro_Manila_Luzon.html
151,"Manila Ocean Park Luneta, Manila, Luzon 1000 Philippines",+63 2 353 6446,inquiry@hotelh2o.com,White Moon Bar,https://www.tripadvisor.com.my//Restaurant_Review-g298573-d1929800-Reviews-White_Moon_Bar-Manila_Metro_Manila_Luzon.html
152,"Unit 2 -16A Second floor Lucky Chinatown Mall Binondo, Manila, Luzon 1006 Philippines",+63 2 244 7278,cs@iagc.ph,Boulangerie22 - Lucky Chinatown Mall,https://www.tripadvisor.com.my//Restaurant_Review-g298573-d13392483-Reviews-Boulangerie22_Lucky_Chinatown_Mall-Manila_Metro_Manila_Luzon.html
153,"1588 Pedro Gil corner MH del Pilar St Level 5, Manila, Luzon 1004 Philippines",+63 2 252 6888,dining.manilabay@newworldhotels.com,The Fireplace,https://www.tripadvisor.com.my//Restaurant_Review-g298573-d14040534-Reviews-The_Fireplace-Manila_Metro_Manila_Luzon.html
154,"1332 MH Del Pilar Street Ermita, Manila, Luzon 1000 Philippines",+63 917 109 8568,starofmanila@gmail.com,Star of manila sports bar,https://www.tripadvisor.com.my//Restaurant_Review-g298573-d6167362-Reviews-Star_of_manila_sports_bar-Manila_Metro_Manila_Luzon.html
155,"1328 A. Mabini St., Ermita, Manila, Luzon Philippines",+63 2 525 1470,,Calle 5,https://www.tripadvisor.com.my//Restaurant_Review-g298573-d1521541-Reviews-Calle_5-Manila_Metro_Manila_Luzon.html
156,"Gregorio Araneta Ave. Unit 130-130a Upper Ground Floor, Manila, Luzon 1016 Philippines",+63 2 242 6994,cs@iagc.ph,Boulangerie22 - SM Sta. Mesa,https://www.tripadvisor.com.my//Restaurant_Review-g298573-d13392602-Reviews-Boulangerie22_SM_Sta_Mesa-Manila_Metro_Manila_Luzon.html
157,"Mabini Cor. Arquiza Street, Ermita, Manila, Luzon Philippines",,,COWBOY GRILL MABINI,https://www.tripadvisor.com.my//Restaurant_Review-g294248-d3198242-Reviews-COWBOY_GRILL_MABINI-Luzon.html
158,"Perdo Gil Street Ground Floor, Manila, Luzon Philippines",3532421,,TGI Friday's,https://www.tripadvisor.com.my//Restaurant_Review-g298573-d4550558-Reviews-TGI_Friday_s-Manila_Metro_Manila_Luzon.html
159,"151 Quezon Avenue Corner Speaker Perez Street, Quezon City, Luzon 1114 Philippines",+63 2 731 7551,elarfoods@yahoo.com.ph,Elar's Lechon,https://www.tripadvisor.com.my//Restaurant_Review-g298574-d2157614-Reviews-Elar_s_Lechon-Quezon_City_Metro_Manila_Luzon.html
160,"5362 General Luna St Poblacion Makati City, Manila, Luzon Philippines",,,Seoul Galbi,https://www.tripadvisor.com.my//Restaurant_Review-g298573-d4372596-Reviews-Seoul_Galbi-Manila_Metro_Manila_Luzon.html
161,"SP 136 G/F South Wing, Mall of Asia, Manila, Luzon Philippines",+63 2 915 1951,,Lord Stow's Bakery,https://www.tripadvisor.com.my//Restaurant_Review-g298573-d2572551-Reviews-Lord_Stow_s_Bakery-Manila_Metro_Manila_Luzon.html
162,"Newport City 1 Newport Boulevard Ground Floor, Hilton Manila, Pasay, Luzon 1300 Philippines",+63 2 239 7788,,Madison Lounge & Bar,https://www.tripadvisor.com.my//Restaurant_Review-g298452-d15581315-Reviews-Madison_Lounge_Bar-Pasay_Metro_Manila_Luzon.html
163,"Plaza Sta. Cruz Santa Cruz, Manila, Luzon Philippines",+63 2 734 5743,,McDonald's,https://www.tripadvisor.com.my//Restaurant_Review-g298573-d1821425-Reviews-McDonald_s-Manila_Metro_Manila_Luzon.html
164,"Makati Shangri-La Ayala Avenue corner Makati Avenue, Makati, Luzon 1200 Philippines",+63 2 814 2580,rric.slm@shangri-la.com,Sage Bespoke Grill,https://www.tripadvisor.com.my//Restaurant_Review-g298450-d6405208-Reviews-Sage_Bespoke_Grill-Makati_Metro_Manila_Luzon.html
165,"Unit 14 Little Tokyo 2277 Pasong Tamo Makati City, Manila, Luzon Philippines",8402741,,Nodasho,https://www.tripadvisor.com.my//Restaurant_Review-g298573-d4831626-Reviews-Nodasho-Manila_Metro_Manila_Luzon.html
166,"321 San Gil Puyat Ave,Pasay City,Matoro, Manila, Luzon Philippines",63-2831-5128 ,info@namototoravel.com,Nemoto Restaurant,https://www.tripadvisor.com.my//Restaurant_Review-g298573-d1640629-Reviews-Nemoto_Restaurant-Manila_Metro_Manila_Luzon.html
167,"Ground Floor ,Glorietta 3 Gloria, Makati, Luzon 1210 Philippines",+63 2 576 8489,customercare@timhowan.com,Tim Ho Wan,https://www.tripadvisor.com.my//Restaurant_Review-g298450-d7621657-Reviews-Tim_Ho_Wan-Makati_Metro_Manila_Luzon.html
168,"Pedro Gil Street, Ermita 1st Floor, Robinsons Place Mall, Manila, Luzon 1004 Philippines",,,Savory Chicken,https://www.tripadvisor.com.my//Restaurant_Review-g298573-d1175683-Reviews-Savory_Chicken-Manila_Metro_Manila_Luzon.html
169,"Ongpin St. Sta. Cruz Manila, Manila, Luzon Philippines",+63 2 733 6495,,Mei Sum Teahouse,https://www.tripadvisor.com.my//Restaurant_Review-g298573-d3248441-Reviews-Mei_Sum_Teahouse-Manila_Metro_Manila_Luzon.html
170,"Malate, Manila, metro 1755 Adriatico Street, Barangay 699 Zone 076, Manila, Luzon 1004 Philippines",,,Erra's Vest Ramen Bar & Grill,https://www.tripadvisor.com.my//Restaurant_Review-g298573-d10499798-Reviews-Erra_s_Vest_Ramen_Bar_Grill-Manila_Metro_Manila_Luzon.html
171,"M. Adriatico corner Gen. Malvar Streets, Manila, Luzon 1004 Philippines",+63 2 318 0788,enquiry.ppmnl@panpacific.com,Pacific Lounge,https://www.tripadvisor.com.my//Restaurant_Review-g298573-d2642933-Reviews-Pacific_Lounge-Manila_Metro_Manila_Luzon.html
172,"Marcelo H. del Pilar, Manila, Luzon Philippines",+63 916 382 6678,duckinnmanila@hotmail.com,Duck Inn Hotel,https://www.tripadvisor.com.my//Restaurant_Review-g298573-d2213326-Reviews-Duck_Inn_Hotel-Manila_Metro_Manila_Luzon.html
173,"Traders Hotel, Manila 3001 Roxas Boulevard, Manila, Luzon Philippines",63 2 708 4888,thm@tradershotels.com,Latitude,https://www.tripadvisor.com.my//Restaurant_Review-g298573-d1782888-Reviews-Latitude-Manila_Metro_Manila_Luzon.html
174,"Serendra, Manila, Luzon Philippines",(632) 8560308,,Cupcakes by Sonja,https://www.tripadvisor.com.my//Restaurant_Review-g298573-d1160653-Reviews-Cupcakes_by_Sonja-Manila_Metro_Manila_Luzon.html
175,"1-6 Forum 7th Avenue Cor. 25th Street Bonifacio Global City, Taguig City, Luzon 1634 Philippines",+63 2 461 1968,cs@iagc.ph,Yoree Korean Barbeque Dining - BGC,https://www.tripadvisor.com.my//Restaurant_Review-g1758900-d6499561-Reviews-Yoree_Korean_Barbeque_Dining_BGC-Taguig_City_Metro_Manila_Luzon.html
176,"1316 A. Mabini St., Manila, Luzon Philippines",+63 2 522 3955,,Munchen Grill-Pub,https://www.tripadvisor.com.my//Restaurant_Review-g298573-d1501129-Reviews-Munchen_Grill_Pub-Manila_Metro_Manila_Luzon.html
177,"6749 Ayala Avenue Ground Floor, Discovery Primea, Makati, Luzon 1226 Philippines",+63 2 955 8888,primearestaurants@discovery.com.ph,Tapenade,https://www.tripadvisor.com.my//Restaurant_Review-g298450-d7756979-Reviews-Tapenade-Makati_Metro_Manila_Luzon.html
178,"Robinsons Place, Level 2 Malate, Manila, Luzon Philippines",567-2127,,Pho Hoa Vietnamese Delights,https://www.tripadvisor.com.my//Restaurant_Review-g298573-d3366692-Reviews-Pho_Hoa_Vietnamese_Delights-Manila_Metro_Manila_Luzon.html
179,"1024 A. Arnaiz Avenue Pasay City, Manila, Luzon Philippines",+63 2 817 2548,,Isshin Japanese Restaurant,https://www.tripadvisor.com.my//Restaurant_Review-g298573-d2199194-Reviews-Isshin_Japanese_Restaurant-Manila_Metro_Manila_Luzon.html
180,"Roxas Blvd Dr. J. Quintos Street, Manila, Luzon 1000 Philippines",,bizcenter@diamondhotel.com,Lobby Lounge at Diamond Hotel,https://www.tripadvisor.com.my//Restaurant_Review-g298573-d10205356-Reviews-Lobby_Lounge_at_Diamond_Hotel-Manila_Metro_Manila_Luzon.html
181,"807 Sabino Padilla Street, Manila, Luzon Philippines",,,Suzhou Dimsum,https://www.tripadvisor.com.my//Restaurant_Review-g298573-d2032344-Reviews-Suzhou_Dimsum-Manila_Metro_Manila_Luzon.html
182,"SM Megamall Bldg A, Manila, Luzon Philippines",,,Almon Marina,https://www.tripadvisor.com.my//Restaurant_Review-g298573-d982530-Reviews-Almon_Marina-Manila_Metro_Manila_Luzon.html
183,"Ayala Center Greenbelt Dr 105 G/F Greenbelt 2, Makati, Luzon 1223 Philippines",+63 2 625 0515,,Manam,https://www.tripadvisor.com.my//Restaurant_Review-g298450-d10594159-Reviews-Manam-Makati_Metro_Manila_Luzon.html
184,"South Road Drive T.M. Kalaw Ext, Rizal Park Hotel, Manila, Luzon 1000 Philippines",+63 2 804 8700,caferizal.reservation@rizalparkhotelmanila.com,Cafe Rizal,https://www.tripadvisor.com.my//Restaurant_Review-g298573-d15132821-Reviews-Cafe_Rizal-Manila_Metro_Manila_Luzon.html
185,"980 P. Ocampo Street, Manila, Luzon Philippines",+63 915 142 1506,,Shp Bibimbab Cafe & Restaurant,https://www.tripadvisor.com.my//Restaurant_Review-g298573-d7236397-Reviews-Shp_Bibimbab_Cafe_Restaurant-Manila_Metro_Manila_Luzon.html
186,"Corner Bahamas and Ongpin Streets Sta. Cruz, Manila, Luzon Philippines",,,Shanghai Fried Siapao Fastfood,https://www.tripadvisor.com.my//Restaurant_Review-g298573-d2034054-Reviews-Shanghai_Fried_Siapao_Fastfood-Manila_Metro_Manila_Luzon.html
187,"Ground Floor Pedro Gil Wing Robinsons Place, Manila, Luzon 0950 Philippines",+(63) 354-0310,community@jambajuice.ph,Jamba Juice,https://www.tripadvisor.com.my//Restaurant_Review-g298573-d4558155-Reviews-Jamba_Juice-Manila_Metro_Manila_Luzon.html
188,"Ground Floor, Robinsons Place Mall, Manila, Luzon Philippines",,,Costa Coffee,https://www.tripadvisor.com.my//Restaurant_Review-g298573-d8821399-Reviews-Costa_Coffee-Manila_Metro_Manila_Luzon.html
189,"117 G/F Finman Ctr Tordesillas St cor Bautista , Salcedo Village, Makati, Luzon Philippines",+63 917 964 5339,,Gino's Brick Oven Pizza,https://www.tripadvisor.com.my//Restaurant_Review-g298450-d6523284-Reviews-Gino_s_Brick_Oven_Pizza-Makati_Metro_Manila_Luzon.html
190,"1951 M. Adriatico St. Malate, Manila, Luzon 1300 Philippines",+63 939 634 6649,butchaldana@yahoo.com,Thebar1951,https://www.tripadvisor.com.my//Restaurant_Review-g298573-d3483969-Reviews-Thebar1951-Manila_Metro_Manila_Luzon.html
191,"5782 Felipe Street, Makati, Luzon 1200 Philippines",+63 2 895 1919,elchupacabraph@gmail.com,El Chupacabra,https://www.tripadvisor.com.my//Restaurant_Review-g298450-d4275401-Reviews-El_Chupacabra-Makati_Metro_Manila_Luzon.html
192,"Makati Avenue 2F Glorietta 5, Makati, Luzon Philippines",+63 2 823 6903,feedback@yabu.ph,Yabu House of Katsu,https://www.tripadvisor.com.my//Restaurant_Review-g298450-d6580192-Reviews-Yabu_House_of_Katsu-Makati_Metro_Manila_Luzon.html
193,"Ground Floor, Adriatico Square Corner M. Adraitico and General Malvar Street, Manila, Luzon Philippines",,,Gloria Jean's Coffees,https://www.tripadvisor.com.my//Restaurant_Review-g298573-d2049771-Reviews-Gloria_Jean_s_Coffees-Manila_Metro_Manila_Luzon.html
194,"Entertainment City 1 Aseana Ave Entertainment City, Tambo, Paranaque, Luzon 1701 Philippines",+63 2 888 8888,reservations@solaireresort.com,Oasis Garden Cafe,https://www.tripadvisor.com.my//Restaurant_Review-g312693-d7383324-Reviews-Oasis_Garden_Cafe-Paranaque_Metro_Manila_Luzon.html
195,"The Plaza, Greenbelt, Ayala Center Makati, Manila, Luzon Philippines",+63 2 729 3333,customer@bananaleaf.com.ph,Banana Leaf Curry House,https://www.tripadvisor.com.my//Restaurant_Review-g298573-d1147642-Reviews-Banana_Leaf_Curry_House-Manila_Metro_Manila_Luzon.html
196,"620 Pablo Ocampo Street 3rd Floor, Orchid Garden Suites, Manila, Luzon 1004 Philippines",+63 2 708 9401,,Cafe Alicia,https://www.tripadvisor.com.my//Restaurant_Review-g298573-d6734884-Reviews-Cafe_Alicia-Manila_Metro_Manila_Luzon.html
197,"327 P. Guevarra Street, Manila, Luzon Philippines",+ 63 2 723 8821-23,,King Crab House,https://www.tripadvisor.com.my//Restaurant_Review-g298573-d2052439-Reviews-King_Crab_House-Manila_Metro_Manila_Luzon.html
198,"P Ocampo Sr St Coconut Palace, Manila, Luzon Philippines",+63 2 833 7595,,Figaro Coffee,https://www.tripadvisor.com.my//Restaurant_Review-g298573-d1147711-Reviews-Figaro_Coffee-Manila_Metro_Manila_Luzon.html
199,"Cor. Dela Reina St. Reina Regente Street 2F, Lucky Chinatown Mall,, Manila, Luzon 1006 Philippines",+63 917 822 8991,,Tao Yuan Restaurant,https://www.tripadvisor.com.my//Restaurant_Review-g298573-d6680626-Reviews-Tao_Yuan_Restaurant-Manila_Metro_Manila_Luzon.html
200,"Gen. Lachambre Street Ground Floor, Lucky Chinatown, Manila, Luzon 1006 Philippines",+63 2 516 0321,,Shi Lin,https://www.tripadvisor.com.my//Restaurant_Review-g298573-d4300384-Reviews-Shi_Lin-Manila_Metro_Manila_Luzon.html
201,"926 Ongpin Street Binondo, Manila, Luzon Philippines",,,Ongpin Manosa,https://www.tripadvisor.com.my//Restaurant_Review-g298573-d1996385-Reviews-Ongpin_Manosa-Manila_Metro_Manila_Luzon.html
202,"Diosdado Macapagal Blvd, Pasay,, Manila, Luzon Philippines",,,Sea Side,https://www.tripadvisor.com.my//Restaurant_Review-g298573-d8678288-Reviews-Sea_Side-Manila_Metro_Manila_Luzon.html
203,"EDSA Corner Shaw Blvd Level 6 East Wing, Shangri-La Plaza, Manila, Luzon Philippines",655-3023,,Wild West Roadhouse Grill,https://www.tripadvisor.com.my//Restaurant_Review-g298573-d5923520-Reviews-Wild_West_Roadhouse_Grill-Manila_Metro_Manila_Luzon.html
204,"Heart of Chinatown Ongpin Binondo, Manila, Luzon Philippines",+63 2 288 8888 ext. 230,,Cafe Mezzanine,https://www.tripadvisor.com.my//Restaurant_Review-g298573-d3836076-Reviews-Cafe_Mezzanine-Manila_Metro_Manila_Luzon.html
205,"Upper Ground Floor, Building A, SM Mega Mall, Ortigas Center, Manila, Luzon Philippines",,,Pepper Lunch SM Megamall,https://www.tripadvisor.com.my//Restaurant_Review-g298573-d4270134-Reviews-Pepper_Lunch_SM_Megamall-Manila_Metro_Manila_Luzon.html
206,"Bonifacio High Street, Fort Bonifacio Global City Taguig, Manila, Luzon 1630 Philippines",+63 2 856 4785,,New Orleans,https://www.tripadvisor.com.my//Restaurant_Review-g298573-d1097693-Reviews-New_Orleans-Manila_Metro_Manila_Luzon.html
207,"3rd Floor, Adriatico Square Corner M. Adriatico and General Malvar Streets, Manila, Luzon Philippines",,,China Place,https://www.tripadvisor.com.my//Restaurant_Review-g298573-d2049780-Reviews-China_Place-Manila_Metro_Manila_Luzon.html
208,"Robinsons Place, Ermita, Manila Ground Floor Ground Floor, Robinsons Place Manila, Manila, Luzon Philippines",,,Yabu,https://www.tripadvisor.com.my//Restaurant_Review-g298573-d10028435-Reviews-Yabu-Manila_Metro_Manila_Luzon.html
209,"667 United Nations Avenue Food Retail 9 Ground Floor Manila Doctors Hospital, Manila, Luzon 1000 Philippines",+63 2 563 8594,cs@iagc.ph,Boulangerie22 - Manila Doctors,https://www.tripadvisor.com.my//Restaurant_Review-g298573-d13478121-Reviews-Boulangerie22_Manila_Doctors-Manila_Metro_Manila_Luzon.html
210,"Reina Regente Corner Dela Reina St 3rd Floor, Lucky Chinatown Mall, Manila, Luzon 1202 Philippines",+63 2 241 8157,,Ramen Kuroda,https://www.tripadvisor.com.my//Restaurant_Review-g298573-d11667993-Reviews-Ramen_Kuroda-Manila_Metro_Manila_Luzon.html
211,"Ground Floor, Robinsons Place Manila, Manila, Luzon Philippines",+63 2 247 0093,,Coco Ichibanya,https://www.tripadvisor.com.my//Restaurant_Review-g298573-d12594734-Reviews-Coco_Ichibanya-Manila_Metro_Manila_Luzon.html
212,"105 Sto. Domingo Ave Corner Sct D.M. Alcaraz, Quezon City, Luzon 1104 Philippines",+63 2 518 0058,,Oedo Japanese Restaurant,https://www.tripadvisor.com.my//Restaurant_Review-g298574-d8499554-Reviews-Oedo_Japanese_Restaurant-Quezon_City_Metro_Manila_Luzon.html
213,"1st Level, Robinsons Place Mall, Corner Adriatico and Pedro Gil Streets Ermita, Manila, Luzon Philippines",+63 63 997 1198,,Burger King,https://www.tripadvisor.com.my//Restaurant_Review-g298573-d1830574-Reviews-Burger_King-Manila_Metro_Manila_Luzon.html
214,"Pedro Gil St Level 1, Robinsons Place Manila, Manila, Luzon 1004 Philippines",+63 2 567 2029,,UCC Cafe Terrace,https://www.tripadvisor.com.my//Restaurant_Review-g298573-d2086135-Reviews-UCC_Cafe_Terrace-Manila_Metro_Manila_Luzon.html
215,"556 Julian Nakpil Corner of J Nakpil Street and Adriatico Street, Malate, Manila, Luzon 1004 Philippines",+63 2 525 7191,,Ping Yang,https://www.tripadvisor.com.my//Restaurant_Review-g298573-d6224448-Reviews-Ping_Yang-Manila_Metro_Manila_Luzon.html
216,"Manila, Luzon Philippines",,,Starbucks,https://www.tripadvisor.com.my//Restaurant_Review-g298573-d1063078-Reviews-Starbucks-Manila_Metro_Manila_Luzon.html
217,"134 Legaspi Street Corner Calle Palanca Street, Manila, Luzon 1002 Philippines",+63 916 355 4129,thecuratordrinks@gmail.com,The Curator,https://www.tripadvisor.com.my//Restaurant_Review-g298573-d8452867-Reviews-The_Curator-Manila_Metro_Manila_Luzon.html
218,"Unit 05-06, Hong Kong Sun Plaza, Roxas Blvd., Pasay City, Manila, Luzon Philippines",+63 2 831 8308,hello@munchpunch.com,Hong Kong Chef Seafood Restaurant,https://www.tripadvisor.com.my//Restaurant_Review-g298573-d2254511-Reviews-Hong_Kong_Chef_Seafood_Restaurant-Manila_Metro_Manila_Luzon.html
219,"Adriatico Street Second Floor, ACR Building, Manila, Luzon 1004 Philippines",+63 905 525 5090,,Snow Panda,https://www.tripadvisor.com.my//Restaurant_Review-g298573-d13126134-Reviews-Snow_Panda-Manila_Metro_Manila_Luzon.html
220,"Upper ground Floor, Corte de los Palmas, Manila, Luzon Philippines",+63 2 836 2432,,Cyma Greek Taverna,https://www.tripadvisor.com.my//Restaurant_Review-g298573-d2049678-Reviews-Cyma_Greek_Taverna-Manila_Metro_Manila_Luzon.html
221,"Manila, Luzon Philippines",,,California Pizza Kitchen,https://www.tripadvisor.com.my//Restaurant_Review-g298573-d1111024-Reviews-California_Pizza_Kitchen-Manila_Metro_Manila_Luzon.html
222,"Pedro Gil cor. Adriatico St. 3rd level Robinson’s Place, Ermita, Manila, Luzon Philippines",+63 2 536 8047,,Sbarro,https://www.tripadvisor.com.my//Restaurant_Review-g298573-d1953935-Reviews-Sbarro-Manila_Metro_Manila_Luzon.html
223,"Robinsons Place Mall, Corner Pedro Gil and Adriatico Streets, Ermita, Manila, Luzon 1004 Philippines",,,Greenwich Robinons Place,https://www.tripadvisor.com.my//Restaurant_Review-g298573-d7111939-Reviews-Greenwich_Robinons_Place-Manila_Metro_Manila_Luzon.html
224,"Manila City Plaza, Manila, Luzon 1001 Philippines",+63 2 734 4635,,Jollibee Manila City Plaza,https://www.tripadvisor.com.my//Restaurant_Review-g298573-d4602813-Reviews-Jollibee_Manila_City_Plaza-Manila_Metro_Manila_Luzon.html
225,"2 Greenbelt Dr Level 1,Ayala Center, Makati, Luzon 1223 Philippines",+63 2 625 2792,info@momentgroup.ph,8 Cuts Burger Blends,https://www.tripadvisor.com.my//Restaurant_Review-g298450-d3807224-Reviews-8_Cuts_Burger_Blends-Makati_Metro_Manila_Luzon.html
226,"Level 1, Adriatico Wing, Robinsons Place Ermita, Manila, Luzon Philippines",,,Cafe France,https://www.tripadvisor.com.my//Restaurant_Review-g298573-d10259545-Reviews-Cafe_France-Manila_Metro_Manila_Luzon.html
227,"Ground Floor, Lucky Chinatown Mall, Manila, Luzon Philippines",+63 2 516 7088,,Sincerity Cafe and Restaurant,https://www.tripadvisor.com.my//Restaurant_Review-g298573-d7766207-Reviews-Sincerity_Cafe_and_Restaurant-Manila_Metro_Manila_Luzon.html
228,"Ermita 1555-C Adriatico St, Manila, Luzon 1004 Philippines",+63 2 522 1264,,Arabic Kitchen,https://www.tripadvisor.com.my//Restaurant_Review-g298573-d10622113-Reviews-Arabic_Kitchen-Manila_Metro_Manila_Luzon.html
229,"UN Avenue Ermita, Manila, Luzon 1007 Philippines",+63 2 251 9145,,Tim Hortons,https://www.tripadvisor.com.my//Restaurant_Review-g298573-d12527342-Reviews-Tim_Hortons-Manila_Metro_Manila_Luzon.html
230,"Makati Avenue Corner Kalayaan Avenue 32 Flr. City Garden Grand Hotel, Makati, Luzon 1212 Philippines",+63 2 554 3429,reservations@citygardengrandhotel.com,Firefly Roofdeck,https://www.tripadvisor.com.my//Restaurant_Review-g298450-d8658411-Reviews-Firefly_Roofdeck-Makati_Metro_Manila_Luzon.html
231,"855 Teodoro M. Kalaw Sr Street Ermita, Manila, Luzon Philippines",525-7604,,Casino Espanol de Manila,https://www.tripadvisor.com.my//Restaurant_Review-g298573-d12087066-Reviews-Casino_Espanol_de_Manila-Manila_Metro_Manila_Luzon.html
232,"Taft Avenue Malate, Manila, Luzon Philippines",,,Kenny Rogers Roasters,https://www.tripadvisor.com.my//Restaurant_Review-g298573-d2277618-Reviews-Kenny_Rogers_Roasters-Manila_Metro_Manila_Luzon.html
233,"590 Remedios Circle 1st Floor, Manila, Luzon 1004 Philippines",+63 995 843 8208,fantasticchefmalate@gmail.com,Fantastic Chef,https://www.tripadvisor.com.my//Restaurant_Review-g298573-d15805510-Reviews-Fantastic_Chef-Manila_Metro_Manila_Luzon.html
234,"Roxas Boulevard, Manila, Luzon Philippines",,,Healthy Shabu Shabu,https://www.tripadvisor.com.my//Restaurant_Review-g298573-d850386-Reviews-Healthy_Shabu_Shabu-Manila_Metro_Manila_Luzon.html
235,"931 Benavidez Street, Manila, Luzon Philippines",63-2-2440745,,Masuki Mami House,https://www.tripadvisor.com.my//Restaurant_Review-g298573-d10409338-Reviews-Masuki_Mami_House-Manila_Metro_Manila_Luzon.html
236,"7635 Guijo Street San Antonio Village, Makati, Luzon 1203 Philippines",+63 915 663 2823,hello@twelveten.ph,12/10 Izakaya,https://www.tripadvisor.com.my//Restaurant_Review-g298450-d7289253-Reviews-12_10_Izakaya-Makati_Metro_Manila_Luzon.html
237,"2/F Greebelt 5, Legaspi St., Legaspi Village, Ayala Center 2nd Level, Greenbelt 5, Ayala Center, Makati, Luzon Philippines",+63 2 728 8858,,Fely J's Restaurant,https://www.tripadvisor.com.my//Restaurant_Review-g298450-d1228460-Reviews-Fely_J_s_Restaurant-Makati_Metro_Manila_Luzon.html
238,"EAC Gen. Luna Taft Ave. cor. Gen. Luna St., Manila, Luzon Philippines",+63 2 536 2681,feedback@jollibee.com.ph,Jollibee EAC,https://www.tripadvisor.com.my//Restaurant_Review-g298573-d4602883-Reviews-Jollibee_EAC-Manila_Metro_Manila_Luzon.html
239,"No.1204 A.Mabibi St. Ermita, Luzon Philippines",,,Lau Chan,https://www.tripadvisor.com.my//Restaurant_Review-g298449-d1673139-Reviews-Lau_Chan-Metro_Manila_Luzon.html
240,"Manila, Luzon Philippines",+63 2 521 2716,,Barrio Fiesta,https://www.tripadvisor.com.my//Restaurant_Review-g298573-d797508-Reviews-Barrio_Fiesta-Manila_Metro_Manila_Luzon.html
241,"1499 Paz M Guanzon Avenue PACO MANILA, Manila, Luzon 1007 Philippines",+63 63 563 8559,,L’Eau Vive,https://www.tripadvisor.com.my//Restaurant_Review-g298573-d3336622-Reviews-L_Eau_Vive-Manila_Metro_Manila_Luzon.html
242,"Soler Branch: G/F Peace Hotel 1283 Soler St. Binondo, Manila Kalaw Branch: 678 T.M. Kalaw St. Ermita, Manila, Manila, Luzon Philippines",244-2777  ,info@goldenfortuneseafood.com,Golden Fortune Seafood Restaurant,https://www.tripadvisor.com.my//Restaurant_Review-g298573-d1626407-Reviews-Golden_Fortune_Seafood_Restaurant-Manila_Metro_Manila_Luzon.html
243,"1 Raffles Drive Makati Avenue, Ayala Center, Makati, Luzon 1224 Philippines",+63 2 795 1840,dining.makati@fairmont.com,Spectrum,https://www.tripadvisor.com.my//Restaurant_Review-g298450-d3682070-Reviews-Spectrum-Makati_Metro_Manila_Luzon.html
244,"Roxas Boulevard Brgy. 666 Zone 072 Ermita, Manila., Manila, Luzon 1000 Philippines",+63 917 824 2491,,Boulangerie22,https://www.tripadvisor.com.my//Restaurant_Review-g298573-d10434984-Reviews-Boulangerie22-Manila_Metro_Manila_Luzon.html
245,"Pedro Gil cor. Adriatico St., Robinson Place Manila, Manila, Luzon Philippines",+63 2 567 1935,,Ajisen Ramen,https://www.tripadvisor.com.my//Restaurant_Review-g298573-d1501302-Reviews-Ajisen_Ramen-Manila_Metro_Manila_Luzon.html
246,"Robinson's Place Mall Pedro Gil Street, Manila, Luzon Philippines",+63 2 354 5945,,Super Bowl of China,https://www.tripadvisor.com.my//Restaurant_Review-g298573-d3339991-Reviews-Super_Bowl_of_China-Manila_Metro_Manila_Luzon.html
247,"2nd Floor, Adriatico Square Corner M. Adriatico and General Malvar Streets, Manila, Luzon Philippines",,,Choice Korean Restaurant,https://www.tripadvisor.com.my//Restaurant_Review-g298573-d2049779-Reviews-Choice_Korean_Restaurant-Manila_Metro_Manila_Luzon.html
248,"195 T Morato Ave Quezon City, Manila, Luzon Philippines",+63 2 374 0774,,Restaurant Uno,https://www.tripadvisor.com.my//Restaurant_Review-g298573-d1150134-Reviews-Restaurant_Uno-Manila_Metro_Manila_Luzon.html
249,"Seaside Boulevard G/F S Maison, Conrad Manila, Manila, Luzon Philippines",+63 2 815 8204,trhconrad@bistro.com.ph,Texas Roadhouse,https://www.tripadvisor.com.my//Restaurant_Review-g298573-d12833277-Reviews-Texas_Roadhouse-Manila_Metro_Manila_Luzon.html
250,"G/F, Harbour Square, Pedro Bukaneg St., CCP Complex, Manila, Luzon Philippines",,,Yellow Cab Harbour Square,https://www.tripadvisor.com.my//Restaurant_Review-g298573-d4286825-Reviews-Yellow_Cab_Harbour_Square-Manila_Metro_Manila_Luzon.html
251,"642 Julian Nakpil, Manila, Luzon 1004 Philippines",+63 2 521 3461,,Silya Restobar,https://www.tripadvisor.com.my//Restaurant_Review-g298573-d11801765-Reviews-Silya_Restobar-Manila_Metro_Manila_Luzon.html
252,"Wilson Street Greenhills, Manila, Luzon Philippines",+63 2 726 4066,,Pho Hoa Vietnamese Noodle House,https://www.tripadvisor.com.my//Restaurant_Review-g298573-d2069572-Reviews-Pho_Hoa_Vietnamese_Noodle_House-Manila_Metro_Manila_Luzon.html
253,"Century Park Hotel 599 Pablo Ocampo Street, Barangay 719 Malate, Manila, Luzon 1004 Philippines",6325288888,,Cafe in the Park,https://www.tripadvisor.com.my//Restaurant_Review-g298573-d12403004-Reviews-Cafe_in_the_Park-Manila_Metro_Manila_Luzon.html
254,"30th Street Corner 5th Avenue Level 3, Shangri-La at the Fort, Fort Bonifacio Global City, Taguig City, Luzon 1634 Philippines",+63 2 820 0888,,Raging Bull Chophouse and Bar,https://www.tripadvisor.com.my//Restaurant_Review-g1758900-d9993891-Reviews-Raging_Bull_Chophouse_and_Bar-Taguig_City_Metro_Manila_Luzon.html
255,"United Nations Avenue Ground Floor Times Plaza Bldg, Manila, Luzon Philippines",,,Pancake House,https://www.tripadvisor.com.my//Restaurant_Review-g298573-d7893100-Reviews-Pancake_House-Manila_Metro_Manila_Luzon.html
256,"Connectciut Street Carpark Greenhills Shopping Complex, Greenhills, Manila, Luzon Philippines",+63 2 571 3911,info@donhenricos.net,"Don Henrico's Pizza, Pasta and More",https://www.tripadvisor.com.my//Restaurant_Review-g298573-d2074638-Reviews-Don_Henrico_s_Pizza_Pasta_and_More-Manila_Metro_Manila_Luzon.html
257,"G/F, Robinsons Place Manila, Pedro Gil cor. Adriatico St. Ermita, Manila, Luzon Philippines",+63 2 998 5815,,Racks,https://www.tripadvisor.com.my//Restaurant_Review-g298573-d2175967-Reviews-Racks-Manila_Metro_Manila_Luzon.html
258,"Pablo Ocampo st Corner Mabini st Unit 5 , Harrison Plaza Square Village , Malate, Manila, Luzon 1004 Philippines",+63 997 250 7230,aldimashqihalalfood@gmail.com,Al Dimashqi halal restaurant,https://www.tripadvisor.com.my//Restaurant_Review-g298573-d12169167-Reviews-Al_Dimashqi_halal_restaurant-Manila_Metro_Manila_Luzon.html
259,"Makati Ave. cor. Valdez St, Makati, Luzon Philippines",8994020,,Barrio Fiesta,https://www.tripadvisor.com.my//Restaurant_Review-g298450-d940665-Reviews-Barrio_Fiesta-Makati_Metro_Manila_Luzon.html
260,"G/Floor Robinsons Place. Midtown Entrance, Pedro Gil, Ermita, Manila, Luzon 1000 Philippines",+63 2 577 0704,,Cafe Breton,https://www.tripadvisor.com.my//Restaurant_Review-g298573-d5611666-Reviews-Cafe_Breton-Manila_Metro_Manila_Luzon.html
261,"One Rizal Park The Manila Hotel, Manila, Luzon 0913 Philippines",,,Tap Room,https://www.tripadvisor.com.my//Restaurant_Review-g298573-d12310614-Reviews-Tap_Room-Manila_Metro_Manila_Luzon.html
262,"2nd Floor, Main Mall Mall of Asia Complex, Manila, Luzon Philippines",,,Bread Talk,https://www.tripadvisor.com.my//Restaurant_Review-g298573-d4609127-Reviews-Bread_Talk-Manila_Metro_Manila_Luzon.html
263,"Unit 145 UGF SM City Manila cor Arroceros, Manila, Luzon Philippines",,,Razon's SM Manila,https://www.tripadvisor.com.my//Restaurant_Review-g298573-d4272875-Reviews-Razon_s_SM_Manila-Manila_Metro_Manila_Luzon.html
264,"Taft Avenue Unit 3 2464 Archer's Nook Center, Manila, Luzon 1004 Philippines",+63 905 224 8003,twins1118@hanmail.net,Cafe Travel,https://www.tripadvisor.com.my//Restaurant_Review-g298573-d9825994-Reviews-Cafe_Travel-Manila_Metro_Manila_Luzon.html
265,"G/F Harrison Plaza, A. Mabini corner Adriatico Street, Manila, Luzon Philippines",521-7478 /523-8289   ,,Max's Restaurant - Harrison Plaza,https://www.tripadvisor.com.my//Restaurant_Review-g298573-d6572053-Reviews-Max_s_Restaurant_Harrison_Plaza-Manila_Metro_Manila_Luzon.html
266,"31st Street Between 1st And 2nd Avenues Grand Hampton Tower, Manila, Luzon Philippines",+63 917 597 2573,,Rose,https://www.tripadvisor.com.my//Restaurant_Review-g298573-d2374693-Reviews-Rose-Manila_Metro_Manila_Luzon.html
267,"Gen. Malvar Street Pan Pacific Hotel, Adriatico Square, M. Adriatico Corner, Manila, Luzon 1004 Philippines",+63 2 536 0618,,Gyumon Yakiniku,https://www.tripadvisor.com.my//Restaurant_Review-g298573-d8486239-Reviews-Gyumon_Yakiniku-Manila_Metro_Manila_Luzon.html
268,"Pedro Gil Street Ground Floor, Robinsons Place, Manila, Luzon 1000 Philippines",+63 2 729 0333,,Mr. Pizza,https://www.tripadvisor.com.my//Restaurant_Review-g298573-d8728455-Reviews-Mr_Pizza-Manila_Metro_Manila_Luzon.html
269,"680 Beaterio St. Intramuros, Manila, Luzon 1002 Philippines",+63 2 311 5417,,Patio de Conchita,https://www.tripadvisor.com.my//Restaurant_Review-g298573-d7269743-Reviews-Patio_de_Conchita-Manila_Metro_Manila_Luzon.html
270,"U-115 & 211 Connecticut Carpark Greenhills Shopping Center, San Juan, Manila, Luzon Philippines",+63 2 727 8811,,Ling Nam,https://www.tripadvisor.com.my//Restaurant_Review-g298573-d1222886-Reviews-Ling_Nam-Manila_Metro_Manila_Luzon.html
271,"650 Ongpin St Corner Yuchengco Streets Binondo, Manila, Luzon 1006 Philippines",+63 2 247 2222,,Chuan Kee Chinese Fastfood,https://www.tripadvisor.com.my//Restaurant_Review-g298573-d2035276-Reviews-Chuan_Kee_Chinese_Fastfood-Manila_Metro_Manila_Luzon.html
272,"Greenbelt Mall, Ayala Centre Legaspi Str., Legaspi Village, Makati, Luzon Philippines",011-632-812-0225,,Chili's,https://www.tripadvisor.com.my//Restaurant_Review-g298450-d1998928-Reviews-Chili_s-Makati_Metro_Manila_Luzon.html
273,"1112-1116 Del Pilar St, Manila, Luzon 1009 Philippines",+63 2 522 4771,theslouchhathotelbar@gmail.com,The Slouch Hat,https://www.tripadvisor.com.my//Restaurant_Review-g298573-d4888831-Reviews-The_Slouch_Hat-Manila_Metro_Manila_Luzon.html
274,"Arnaiz Avenue G/F 833 Dominion Building, Manila, Luzon 1230 Philippines",+63 2 956 7534,croquecafebakery@gmail.com,Croque Cafe+Bakery,https://www.tripadvisor.com.my//Restaurant_Review-g298573-d6762380-Reviews-Croque_Cafe_Bakery-Manila_Metro_Manila_Luzon.html
275,"121 Rada Street G/F One Legaspi Park Condominium, Makati, Luzon 1223 Philippines",+63 2 801 6597,cs@iagc.ph,Boulangerie22 - One Legazpi Park,https://www.tripadvisor.com.my//Restaurant_Review-g298450-d10434929-Reviews-Boulangerie22_One_Legazpi_Park-Makati_Metro_Manila_Luzon.html
276,"Lower Ground Floor, SM City Manila Corner Concepcion, Arroceros and San Marcelino Streets, Manila, Luzon Philippines",,,Bacolod Chicken Inasal,https://www.tripadvisor.com.my//Restaurant_Review-g298573-d2174666-Reviews-Bacolod_Chicken_Inasal-Manila_Metro_Manila_Luzon.html
277,"Ground Floor, Robinsons Place Mall Pedro Gil Street, Manila, Luzon 1004 Philippines",,,Mr. Choi Kitchen,https://www.tripadvisor.com.my//Restaurant_Review-g298573-d3241418-Reviews-Mr_Choi_Kitchen-Manila_Metro_Manila_Luzon.html
278,"544 Arnaiz Street, Manila, Luzon 1304 Philippines",,,Andok's,https://www.tripadvisor.com.my//Restaurant_Review-g298573-d4778026-Reviews-Andok_s-Manila_Metro_Manila_Luzon.html
279,"Arellano Avenue Malate, Manila, Luzon 1004 Philippines",+63 2 230 5230,,Cafe Romancon,https://www.tripadvisor.com.my//Restaurant_Review-g298573-d8263822-Reviews-Cafe_Romancon-Manila_Metro_Manila_Luzon.html
280,"Pedro Gil St Level 1 Midtown Wing, Robinsons Place Manila, Ermita, Manila, Luzon 1000 Philippines",+63 2 567 1913,,Italianni's,https://www.tripadvisor.com.my//Restaurant_Review-g298573-d5537339-Reviews-Italianni_s-Manila_Metro_Manila_Luzon.html
281,"30th Street Corner 5th Avenue 3rd Level, Shangri-La at the Fort, Fort Bonifacio Global City, Taguig City, Luzon 1634 Philippines",+63 2 820 0888,cantonroad@shangri-la.com,Canton Road,https://www.tripadvisor.com.my//Restaurant_Review-g1758900-d9993659-Reviews-Canton_Road-Taguig_City_Metro_Manila_Luzon.html
282,"2022 Recto Avenue, Manila, Luzon Philippines",,,Chic-Boy,https://www.tripadvisor.com.my//Restaurant_Review-g298573-d2083996-Reviews-Chic_Boy-Manila_Metro_Manila_Luzon.html
283,"Don Chino Roces Avenue, Manila, Luzon Philippines",,,Mr. Choi Kitchen,https://www.tripadvisor.com.my//Restaurant_Review-g298573-d1019206-Reviews-Mr_Choi_Kitchen-Manila_Metro_Manila_Luzon.html
284,"Ground Floor, Torre Lorenzo Building Corner Taft Avenue and Vito Cruz Street, Manila, Luzon Philippines",+63 2 522 5776,,Starbucks,https://www.tripadvisor.com.my//Restaurant_Review-g298573-d2173441-Reviews-Starbucks-Manila_Metro_Manila_Luzon.html
285,"Lucky Chinatown Mall, 21 Lucky Mall Reina Regente St., GF Unit, Manila, Luzon Philippines",,,Starbucks Lucky Chinatown Mall,https://www.tripadvisor.com.my//Restaurant_Review-g298573-d2712694-Reviews-Starbucks_Lucky_Chinatown_Mall-Manila_Metro_Manila_Luzon.html
286,"8065 Estrella Street San Antonio Village, Makati, Luzon Philippines",+63 2 519 6511,,8065 Bagnet,https://www.tripadvisor.com.my//Restaurant_Review-g298450-d1739652-Reviews-8065_Bagnet-Makati_Metro_Manila_Luzon.html
287,"148 Jupiter Street Bel Air, Makati, Luzon Philippines",+63 2 822 0286,,Romulo Cafe,https://www.tripadvisor.com.my//Restaurant_Review-g298450-d2440559-Reviews-Romulo_Cafe-Makati_Metro_Manila_Luzon.html
288,"Third Floor, Robinsons Place Mall, Ermita,, Manila, Luzon Philippines",,,Teriyaki Boy ERMITA,https://www.tripadvisor.com.my//Restaurant_Review-g298573-d4767879-Reviews-Teriyaki_Boy_ERMITA-Manila_Metro_Manila_Luzon.html
289,"SM Mall of Asia Seaside Drive Manila Bay Reclamation Area, Manila, Luzon Philippines",,,Tokyo Cafe,https://www.tripadvisor.com.my//Restaurant_Review-g298573-d4271660-Reviews-Tokyo_Cafe-Manila_Metro_Manila_Luzon.html
290,"1601 Pablo Ocampo Sr Street, Manila, Luzon 1017 Philippines",,,Becky's Kitchen,https://www.tripadvisor.com.my//Restaurant_Review-g298573-d3602817-Reviews-Becky_s_Kitchen-Manila_Metro_Manila_Luzon.html
291,"Lucky Chinatown Mall Rena Regente St. Binondo, Manila, Luzon Philippines",,,Shakey's,https://www.tripadvisor.com.my//Restaurant_Review-g298573-d3135875-Reviews-Shakey_s-Manila_Metro_Manila_Luzon.html
292,"1415 Padre Faura Street Robinsons Place, Manila, Luzon 1000 Philippines",,,Kumori,https://www.tripadvisor.com.my//Restaurant_Review-g298573-d12557742-Reviews-Kumori-Manila_Metro_Manila_Luzon.html
293,"Unishoppe Building, M. L. Quezon Avenue Angono, Rizal, Manila, Luzon Philippines",+63 2 651 0399,,Jollibee,https://www.tripadvisor.com.my//Restaurant_Review-g298573-d1782933-Reviews-Jollibee-Manila_Metro_Manila_Luzon.html
294,"Corner Quirino Avenue and Airport Road Baclaran, Manila, Luzon Philippines",,,McDonald's,https://www.tripadvisor.com.my//Restaurant_Review-g298573-d1806760-Reviews-McDonald_s-Manila_Metro_Manila_Luzon.html
295,"C/O Peninsula Hotel Makati Corner of Ayala and Makati Avenues, Makati, Luzon 1226 Philippines",+63 2 887 2888,,Restaurant Escolta,https://www.tripadvisor.com.my//Restaurant_Review-g298450-d2058753-Reviews-Restaurant_Escolta-Makati_Metro_Manila_Luzon.html
296,"Century Park Hotel 599 Pablo Ocampo Street, Barangay 719 Malate, Manila, Luzon 1004 Philippines",+63 2 528 8888,,Century Tsukiji,https://www.tripadvisor.com.my//Restaurant_Review-g298573-d12403007-Reviews-Century_Tsukiji-Manila_Metro_Manila_Luzon.html
297,"Honradez St, Manila, Luzon 01000 Philippines",+63 919 817 4970,,Yvan Navy,https://www.tripadvisor.com.my//Restaurant_Review-g298573-d7367636-Reviews-Yvan_Navy-Manila_Metro_Manila_Luzon.html
298,"Natividad Almeda-Lopez corner A. Villegas 2/F SM City Manila, Concepcion Street Corner San Marcelino Street, Manila, Luzon Philippines",+63 2 243 8665,,Ramen Kuroda,https://www.tripadvisor.com.my//Restaurant_Review-g298573-d11828820-Reviews-Ramen_Kuroda-Manila_Metro_Manila_Luzon.html
299,"Concepcion cor. Arroceros & San Marcelino Sts. 2nd Floor Unit 242 SM City Manila, Manila, Luzon Philippines",,,Sbarro,https://www.tripadvisor.com.my//Restaurant_Review-g298573-d1953936-Reviews-Sbarro-Manila_Metro_Manila_Luzon.html
300,"3rd Floor, Lucky Chinatown, Reina Regente Street Binondo, Manila, Luzon Philippines",+63 2 708 9677,,Max's Restaurant,https://www.tripadvisor.com.my//Restaurant_Review-g298573-d4303089-Reviews-Max_s_Restaurant-Manila_Metro_Manila_Luzon.html
301,"Ground Floor, Le Grand Building, 130 Valero Street, Salcedo Village,, Makati, Luzon Philippines",+63 2 556 8143,ajm@aznbz.com,XO 46 Heritage Bistro,https://www.tripadvisor.com.my//Restaurant_Review-g298450-d4230158-Reviews-XO_46_Heritage_Bistro-Makati_Metro_Manila_Luzon.html
302,"No 10 Newport Boulevard Manila Marriott Hotel, Pasay, Luzon Philippines",63 2 988 9999,,Cru Steakhouse,https://www.tripadvisor.com.my//Restaurant_Review-g298452-d1591984-Reviews-Cru_Steakhouse-Pasay_Metro_Manila_Luzon.html
303,"590 Remedios Circle Barangay 702, Manila, Luzon 1004 Philippines",+63 2 806 2295,,Tong Keun So,https://www.tripadvisor.com.my//Restaurant_Review-g298573-d10897880-Reviews-Tong_Keun_So-Manila_Metro_Manila_Luzon.html
304,"1720 A Mabini St Cor Alonzo St, Manila, Luzon 1004 Philippines",+63 977 821 8188,sinsunjaejae@gmail.com,Premier The Samgyupsal,https://www.tripadvisor.com.my//Restaurant_Review-g298573-d13431146-Reviews-Premier_The_Samgyupsal-Manila_Metro_Manila_Luzon.html
305,"Muralla Street 3/F Bayleaf Hotel, Corner Victoria Streets, Intramuros, Manila, Luzon 1002 Philippines",6323185000,tbi-inquiry@thebayleaf.com.ph,Rafaelle,https://www.tripadvisor.com.my//Restaurant_Review-g298573-d13960013-Reviews-Rafaelle-Manila_Metro_Manila_Luzon.html
306,"T.M. Kalaw Ext. South Road, Barangay 666 Rooftop Rizal Park Hotel, Manila, Luzon 1000 Philippines",+63 917 817 3059,,Penthouse By The Bay,https://www.tripadvisor.com.my//Restaurant_Review-g298573-d15290262-Reviews-Penthouse_By_The_Bay-Manila_Metro_Manila_Luzon.html
307,"Lobby Level, Dusit Thani Manila Ayala Center, Makati, Luzon 1223 Philippines",2388839,,UMU Japanese Restaurant,https://www.tripadvisor.com.my//Restaurant_Review-g298450-d2072704-Reviews-UMU_Japanese_Restaurant-Makati_Metro_Manila_Luzon.html
308,"Pedro Gil Robinson's Place Manila, Manila, Luzon Philippines",,,Conti's,https://www.tripadvisor.com.my//Restaurant_Review-g298573-d15572356-Reviews-Conti_s-Manila_Metro_Manila_Luzon.html
309,"M. Adriatico corner Gen. Malvar Streets Adriatico Square, Malate, Manila, Luzon Philippines",,,Miyabi,https://www.tripadvisor.com.my//Restaurant_Review-g298573-d1604379-Reviews-Miyabi-Manila_Metro_Manila_Luzon.html
310,"580 M. Torres Street, Manila, Luzon 1017 Philippines",+63 2 733 0394,,Delicious Restaurant,https://www.tripadvisor.com.my//Restaurant_Review-g298573-d2042723-Reviews-Delicious_Restaurant-Manila_Metro_Manila_Luzon.html
311,"Ermita, Maynila, Kalakhang Maynila 801 South Road, Barangay 666, Manila, Luzon 1000 Philippines",+63 2 251 8888,,Hundred Degree Hot Pot Buffet,https://www.tripadvisor.com.my//Restaurant_Review-g298573-d12818341-Reviews-Hundred_Degree_Hot_Pot_Buffet-Manila_Metro_Manila_Luzon.html
312,"1633 M. Adriatico Street, Manila, Luzon 1004 Philippines",+63 2 523 4501,,Cafe Rothman,https://www.tripadvisor.com.my//Restaurant_Review-g298573-d5584582-Reviews-Cafe_Rothman-Manila_Metro_Manila_Luzon.html
313,"1787-A C. Aguila St. San Miguel, Manila, Luzon 1005 Philippines",6327340352,vincentsplacekambingan@gmail.com,Vincent's Place Kambingan Restaurant,https://www.tripadvisor.com.my//Restaurant_Review-g298573-d12259973-Reviews-Vincent_s_Place_Kambingan_Restaurant-Manila_Metro_Manila_Luzon.html
314,"Joya Drive Rockwell, Poblacion, Makati, Luzon 1200 Philippines",+63 926 690 9774,info@bistronomia.ph,Rambla,https://www.tripadvisor.com.my//Restaurant_Review-g298450-d5775008-Reviews-Rambla-Makati_Metro_Manila_Luzon.html
315,"Pedro Gil Corner Adriatico Sts, Robinsons Place, Manila, Luzon 4023 Philippines",5541415,tsukumo99global@gmail.com,Tsukumo Ramen,https://www.tripadvisor.com.my//Restaurant_Review-g298573-d9745754-Reviews-Tsukumo_Ramen-Manila_Metro_Manila_Luzon.html
316,"888 Granada Corner Ongpin Street, Manila, Luzon Philippines",7350099,,Macao Mini Hotpot,https://www.tripadvisor.com.my//Restaurant_Review-g298573-d8693926-Reviews-Macao_Mini_Hotpot-Manila_Metro_Manila_Luzon.html
317,"1740 A. Mabini Street Malate, Manila, Luzon 1004 Philippines",,,Suzhou Tea House,https://www.tripadvisor.com.my//Restaurant_Review-g298573-d11694194-Reviews-Suzhou_Tea_House-Manila_Metro_Manila_Luzon.html
318,"32 Scout Tuason Cor. Dr. Lazcano Tomas Morato, Quezon City, Luzon Philippines",6323327273,,Romulo Cafe,https://www.tripadvisor.com.my//Restaurant_Review-g298574-d1822363-Reviews-Romulo_Cafe-Quezon_City_Metro_Manila_Luzon.html
319,"Corner Connecticut and Missouri Streets Greenhills, Manila, Luzon Philippines",+63 2 724 4804,,Amici,https://www.tripadvisor.com.my//Restaurant_Review-g298573-d2070017-Reviews-Amici-Manila_Metro_Manila_Luzon.html
320,"460 Quintin Paredes Road 2/F Pacific Centre, Manila, Luzon 1006 Philippines",+63 917 517 6666,info@theroyale.com.ph,Royal Sharksfin Seafood Restaurant,https://www.tripadvisor.com.my//Restaurant_Review-g298573-d13126129-Reviews-Royal_Sharksfin_Seafood_Restaurant-Manila_Metro_Manila_Luzon.html
321,"GF SM City Manila, Concepcion St. corner San Marcelino, Manila, Luzon Philippines",+63 2 400 5621,,Jollibee SM Manila,https://www.tripadvisor.com.my//Restaurant_Review-g298573-d4602790-Reviews-Jollibee_SM_Manila-Manila_Metro_Manila_Luzon.html
322,"514 General Malvar Corner A Mabini, Manila, Luzon 1004 Philippines",+63 2 522 6935,music21malate@yahoo.com,Music 21 Plaza,https://www.tripadvisor.com.my//Restaurant_Review-g298573-d10453995-Reviews-Music_21_Plaza-Manila_Metro_Manila_Luzon.html
323,"Level 3, SM City Mall, San Lazaro, Santa Cruz, Manila, Luzon Philippines",,,Max's Restaurant,https://www.tripadvisor.com.my//Restaurant_Review-g298573-d4303095-Reviews-Max_s_Restaurant-Manila_Metro_Manila_Luzon.html
324,"Highlights info row image G/F RBAP Building A Soriano Ave cor Arzobispo St, Manila, Luzon 1006 Philippines",+63 2 452 9280,,Happy Wings & Waffles,https://www.tripadvisor.com.my//Restaurant_Review-g298573-d14121976-Reviews-Happy_Wings_Waffles-Manila_Metro_Manila_Luzon.html
325,"509 G/F Merchants Center Bldg. Padre Faura Ermita, Manila, Luzon Philippines",+63 2 524 0631,,Jollibee Padre Faura,https://www.tripadvisor.com.my//Restaurant_Review-g298573-d4602802-Reviews-Jollibee_Padre_Faura-Manila_Metro_Manila_Luzon.html
326,"Unit 310 Market Plaza Bldg, Suter Street Corner M. Roxas Street, Manila, Luzon 1009 Philippines",+63 956 990 5209,,Le Sucre Lab Chocolates,https://www.tripadvisor.com.my//Restaurant_Review-g298573-d14136160-Reviews-Le_Sucre_Lab_Chocolates-Manila_Metro_Manila_Luzon.html
327,"SM Mall of Asia, Manila, Luzon Philippines",,,Cafe France at Sm Mall of Asia,https://www.tripadvisor.com.my//Restaurant_Review-g298573-d5263828-Reviews-Cafe_France_at_Sm_Mall_of_Asia-Manila_Metro_Manila_Luzon.html
328,"Ongpin St., Manila, Luzon Philippines",+63 2 241 9999,,Mr. Ube Rice & Noodles,https://www.tripadvisor.com.my//Restaurant_Review-g298573-d4290015-Reviews-Mr_Ube_Rice_Noodles-Manila_Metro_Manila_Luzon.html
329,"SM City Mall, Ermita,, Manila, Luzon Philippines",+63 939 991 1436,makeyourday@breadtalk.com.ph,Bread Talk SM City Mall,https://www.tripadvisor.com.my//Restaurant_Review-g298573-d4606060-Reviews-Bread_Talk_SM_City_Mall-Manila_Metro_Manila_Luzon.html
330,"Ground Floor, Padre Faura Wing, Robinsons Place Mall Ermita, Manila, Luzon Philippines",,customercare@pepperlunch.com.ph,Pepper Lunch Robinsons Place,https://www.tripadvisor.com.my//Restaurant_Review-g298573-d4206462-Reviews-Pepper_Lunch_Robinsons_Place-Manila_Metro_Manila_Luzon.html
331,"1190 J. Bocobo St. Ermita District, Manila, Luzon 1000 Philippines",(632)5214351,doyouloveseafood@yahoo.com,Seafood Market and Restaurant,https://www.tripadvisor.com.my//Restaurant_Review-g298573-d819670-Reviews-Seafood_Market_and_Restaurant-Manila_Metro_Manila_Luzon.html
332,"649 T Mapua St Santa Cruz, Manila, Luzon Philippines",+63 2 733 3710,,Hap Chan,https://www.tripadvisor.com.my//Restaurant_Review-g298573-d1147717-Reviews-Hap_Chan-Manila_Metro_Manila_Luzon.html
333,"Ground Floor, Greenbelt 5 Ayala Center, Legaspi Village, Makati, Luzon 1223 Philippines",+63 2 757 0361,info@zuni.com.ph,Zuni Restaurant and Wine Bar,https://www.tripadvisor.com.my//Restaurant_Review-g298450-d872327-Reviews-Zuni_Restaurant_and_Wine_Bar-Makati_Metro_Manila_Luzon.html
334,"Connecticut Street Carpark Greenhills Shopping Center, San Juan, Manila, Luzon 1502 Philippines",+63 2 726 2222,,Max's Restaurant,https://www.tripadvisor.com.my//Restaurant_Review-g298573-d2074541-Reviews-Max_s_Restaurant-Manila_Metro_Manila_Luzon.html
335,"Makati Shangri-La Manila Polo Clb Corner Makati Ave., Makati, Luzon 1219 Philippines",+63 8142580,rric.slm@shangri-la.com,Circles Event Cafe,https://www.tripadvisor.com.my//Restaurant_Review-g298450-d1024514-Reviews-Circles_Event_Cafe-Makati_Metro_Manila_Luzon.html
336,"Pedro Gil Street Robinsons Place, Manila, Luzon Philippines",+63 2 533 8888,guestservice@roasters.ph,Kenny Rogers Roasters,https://www.tripadvisor.com.my//Restaurant_Review-g298573-d1141576-Reviews-Kenny_Rogers_Roasters-Manila_Metro_Manila_Luzon.html
337,"Pan Pacific Hotel Pan Pacific Manila, Adriatico Square, 2nd Floor, Manila, Luzon Philippines",(632) 536-0351 to 54,,Asunaro Japanese Restaurant,https://www.tripadvisor.com.my//Restaurant_Review-g298573-d7374993-Reviews-Asunaro_Japanese_Restaurant-Manila_Metro_Manila_Luzon.html
338,"Pedro Gil Street Robinsons Mall, Manila, Luzon Philippines",+63 2 354 3909,,Cyma,https://www.tripadvisor.com.my//Restaurant_Review-g298573-d2708476-Reviews-Cyma-Manila_Metro_Manila_Luzon.html
339,"Ermita 1607 J.Bocobo St, Manila, Luzon 1004 Philippines",+63 2 521 8850,,Tambayan Gastrobar,https://www.tripadvisor.com.my//Restaurant_Review-g298573-d10371940-Reviews-Tambayan_Gastrobar-Manila_Metro_Manila_Luzon.html
340,"1137 Kamagong Street, Makati, Luzon 1217 Philippines",+63 927 761 9799,satinkanaturals@gmail.com,Satinka Naturals,https://www.tripadvisor.com.my//Restaurant_Review-g298450-d7260079-Reviews-Satinka_Naturals-Makati_Metro_Manila_Luzon.html
341,"7431 Yakal Street San Antonio Village, Makati, Luzon Philippines",+63 2 892 6206,,I'm Angus,https://www.tripadvisor.com.my//Restaurant_Review-g298450-d1636082-Reviews-I_m_Angus-Makati_Metro_Manila_Luzon.html
342,"Angelo King International Center Corner Arellano Avenue and Estrada Street, Manila, Luzon 1004 Philippines",+63 2 230 5100,,Vatel Restaurant Manila,https://www.tripadvisor.com.my//Restaurant_Review-g298573-d2307158-Reviews-Vatel_Restaurant_Manila-Manila_Metro_Manila_Luzon.html
343,"175 M.Paterno St San Juan City San Juan del Monte, Manila, Luzon 1500 Philippines",+63 2 725 5089,reservation@cafeysabel.com,Cafe Ysabel,https://www.tripadvisor.com.my//Restaurant_Review-g298573-d1195109-Reviews-Cafe_Ysabel-Manila_Metro_Manila_Luzon.html
344,"# 30-U Banawe St. Cor Cuenco St. Brgy Sto. Domingo, Quezon City, Luzon 1119 Philippines",425-70-93 / 998-46-85,,Lam Tin Tea House,https://www.tripadvisor.com.my//Restaurant_Review-g298574-d2157500-Reviews-Lam_Tin_Tea_House-Quezon_City_Metro_Manila_Luzon.html
345,"936 Dolores, Manila, Luzon 1004 Philippines",+63 2 562 4068,,DOON Thai and Asian Fusion Cuisine,https://www.tripadvisor.com.my//Restaurant_Review-g298573-d12863087-Reviews-DOON_Thai_and_Asian_Fusion_Cuisine-Manila_Metro_Manila_Luzon.html
346,"Corner A.S. Padilla and Ongpin Streets Binondo, Manila, Luzon Philippines",,,Mang Inasal,https://www.tripadvisor.com.my//Restaurant_Review-g298573-d1737286-Reviews-Mang_Inasal-Manila_Metro_Manila_Luzon.html
347,"Reyes _ve, Manila, Luzon Philippines",+63 927 724 3133,,Noriter,https://www.tripadvisor.com.my//Restaurant_Review-g298573-d2248624-Reviews-Noriter-Manila_Metro_Manila_Luzon.html
348,"Rafaelle Woodfired Pizza, 3/F Bayleaf Hotel, Manila, Luzon Philippines",+63 2 318 5000,,Rafaelle Woodfired Pizza,https://www.tripadvisor.com.my//Restaurant_Review-g298573-d7112373-Reviews-Rafaelle_Woodfired_Pizza-Manila_Metro_Manila_Luzon.html
349,"2277 Chino Roces Avenue Little Tokyo, Central Bus. Dist. Brgy., Makati, Luzon 1230 Philippines",+63 2 893 7319,,Izakaya Kikufuji,https://www.tripadvisor.com.my//Restaurant_Review-g298450-d1160645-Reviews-Izakaya_Kikufuji-Makati_Metro_Manila_Luzon.html
350,"1535 Adriatico Street 1115-G Pedro Gil Street Corner, Manila, Luzon 1000 Philippines",+63 2 256 3641,,Cafe Chosun,https://www.tripadvisor.com.my//Restaurant_Review-g298573-d8631788-Reviews-Cafe_Chosun-Manila_Metro_Manila_Luzon.html
351,"1547 M. Adriatico St Cor. Pedro Gil St., Ermita, Manila, Luzon Philippines",405-0100,,Hwangso-Ga,https://www.tripadvisor.com.my//Restaurant_Review-g298573-d6777526-Reviews-Hwangso_Ga-Manila_Metro_Manila_Luzon.html
352,"1037 M H Del Pilar Street, Manila, Luzon Philippines",,,Dragon Noodle House,https://www.tripadvisor.com.my//Restaurant_Review-g298573-d9785097-Reviews-Dragon_Noodle_House-Manila_Metro_Manila_Luzon.html
353,"552 United Nations Avenue, Manila, Luzon 1000 Philippines",,,Shakey's,https://www.tripadvisor.com.my//Restaurant_Review-g298573-d7995669-Reviews-Shakey_s-Manila_Metro_Manila_Luzon.html
354,"2F 628 Ongpin St, Binondo, Manila, Luzon 1006 Philippines",6322419999,,The Great Buddha Cafe,https://www.tripadvisor.com.my//Restaurant_Review-g298573-d13530205-Reviews-The_Great_Buddha_Cafe-Manila_Metro_Manila_Luzon.html
355,"Carriedo Street G/F Don Eusebio Bldg, Manila, Luzon 1001 Philippines",+63 2 87000,,Jollibee,https://www.tripadvisor.com.my//Restaurant_Review-g298573-d12873823-Reviews-Jollibee-Manila_Metro_Manila_Luzon.html
356,"Ground Floor, Adriatico Side, Harrison Plaza Ermita, Manila, Luzon 1004 Philippines",+63 2 524 0101,,McDonald's,https://www.tripadvisor.com.my//Restaurant_Review-g298573-d1816186-Reviews-McDonald_s-Manila_Metro_Manila_Luzon.html
357,"Reina Regente Street 2/F Lucky Chinatown Mall, Manila, Luzon 1006 Philippines",7425464,,King Chef Seafood Restaurant,https://www.tripadvisor.com.my//Restaurant_Review-g298573-d10598253-Reviews-King_Chef_Seafood_Restaurant-Manila_Metro_Manila_Luzon.html
358,"Pedro Gil St. Robinsons Place Manila, Manila, Luzon 1000 Philippines",+63 917 631 8976,,Pound by Todd English,https://www.tripadvisor.com.my//Restaurant_Review-g298573-d13423007-Reviews-Pound_by_Todd_English-Manila_Metro_Manila_Luzon.html
359,"U. N. Avenue Corner Roxas Boulevard, Manila, Luzon Philippines",+63 2 354 6040,,J. CO Donuts & Coffee,https://www.tripadvisor.com.my//Restaurant_Review-g298573-d7214556-Reviews-J_CO_Donuts_Coffee-Manila_Metro_Manila_Luzon.html
360,"Manila Ocean park behind Quirino Grandstand, Luneta Park, Manila, Luzon Philippines",567 2649,,Pancake House,https://www.tripadvisor.com.my//Restaurant_Review-g298573-d1751425-Reviews-Pancake_House-Manila_Metro_Manila_Luzon.html
361,"739 Ongpin Street, Manila, Luzon 1006 Philippines",+63 2 243 3356,,Quan Yin Chay Vegetarian,https://www.tripadvisor.com.my//Restaurant_Review-g298573-d7997344-Reviews-Quan_Yin_Chay_Vegetarian-Manila_Metro_Manila_Luzon.html
362,"102 H. V. Dela Costa Street, Manila, Luzon 1012 Philippines",5255555,,Mr. Poon,https://www.tripadvisor.com.my//Restaurant_Review-g298573-d2042712-Reviews-Mr_Poon-Manila_Metro_Manila_Luzon.html
363,"Ground Floor, Adriatico Square Corner M. Adriatico and General Malvar Streets, Manila, Luzon Philippines",,,Mitsukoshi Cafe and Restaurant,https://www.tripadvisor.com.my//Restaurant_Review-g298573-d2049772-Reviews-Mitsukoshi_Cafe_and_Restaurant-Manila_Metro_Manila_Luzon.html
364,"Seaside Market LOT 5-A MACAPAGAL BLVD. Brgy. 76 Pasay City., Manila, Luzon Philippines",,,Hong Kong Master Cook,https://www.tripadvisor.com.my//Restaurant_Review-g298573-d3619553-Reviews-Hong_Kong_Master_Cook-Manila_Metro_Manila_Luzon.html
365,"Aloha Hotel 2150 Roxas Boulevard, Manila, Luzon Philippines",+63 2 523 8442,,Szechuan House,https://www.tripadvisor.com.my//Restaurant_Review-g298573-d2175906-Reviews-Szechuan_House-Manila_Metro_Manila_Luzon.html
366,"Entertainment City Paranaque City Seaside Drive Okada Manila, Manila, Luzon 1701 Philippines",6325555799,,Okada Manila,https://www.tripadvisor.com.my//Restaurant_Review-g298573-d15582723-Reviews-Okada_Manila-Manila_Metro_Manila_Luzon.html
367,"1320 M H Del Pilar, Manila, Luzon 1000 Philippines",+63 2 501 7286,,Muddy's Bar and Billiard Cafe,https://www.tripadvisor.com.my//Restaurant_Review-g298573-d7231522-Reviews-Muddy_s_Bar_and_Billiard_Cafe-Manila_Metro_Manila_Luzon.html
368,"481 Tantamount Plaza Bldg. CM Recto cor. Sto. Cristo St., Tondo, Manila, Luzon Philippines",+63 2 245 0483,,Jolibee Sto. Cristo,https://www.tripadvisor.com.my//Restaurant_Review-g298573-d4607345-Reviews-Jolibee_Sto_Cristo-Manila_Metro_Manila_Luzon.html
369,"Ground Floor, Boulevard Mansion and Residential Suites 1440 Roxas Boulevard, Manila, Luzon Philippines",+63 2 553 1179,,Shiro Shiro Japanese,https://www.tripadvisor.com.my//Restaurant_Review-g298573-d2200984-Reviews-Shiro_Shiro_Japanese-Manila_Metro_Manila_Luzon.html
370,"1250 Espana Boulevard Corner P Noval Street, Manila, Luzon 2000 Philippines",,amoyamiecrib@gmail.com,Amo Yamie Crib,https://www.tripadvisor.com.my//Restaurant_Review-g298573-d10391465-Reviews-Amo_Yamie_Crib-Manila_Metro_Manila_Luzon.html
371,"Manila Marriott Hotel, 10 Newport Boulevard, Pasay, Luzon 1309 Philippines",+63 2 988 9999,,Marriott Cafe,https://www.tripadvisor.com.my//Restaurant_Review-g298452-d2526318-Reviews-Marriott_Cafe-Pasay_Metro_Manila_Luzon.html
372,"1037 Mabini St Ermita, Manila, Luzon Philippines",+63 2 536 4694,,Mr. Peter Lee's Hongkong Tea House,https://www.tripadvisor.com.my//Restaurant_Review-g298573-d1557326-Reviews-Mr_Peter_Lee_s_Hongkong_Tea_House-Manila_Metro_Manila_Luzon.html
373,"Unit K Bellagio Square J. Bocobo Street, Manila, Luzon 1004 Philippines",+63 2 450 1450,,Shawarmama Restaurant,https://www.tripadvisor.com.my//Restaurant_Review-g298573-d5572678-Reviews-Shawarmama_Restaurant-Manila_Metro_Manila_Luzon.html
374,"Manhattan Parkview, Gen. Roxas Avenue Araneta Center, Cubao, Quezon City, Luzon 1109 Philippines",+63 2 932 7777,vikingsmarketing@gmail.com,"Four Seasons Buffet & Hotpot, Araneta Center Cubao",https://www.tripadvisor.com.my//Restaurant_Review-g298574-d8476608-Reviews-Four_Seasons_Buffet_Hotpot_Araneta_Center_Cubao-Quezon_City_Metro_Manila_Luzon.html
375,"Ongpin Commercial Center Corner G. Puyat and Ongpin Streets, Sta. Cruz, Manila, Luzon Philippines",+63 2 735 4658,,Eng Bee Tin,https://www.tripadvisor.com.my//Restaurant_Review-g298573-d2035250-Reviews-Eng_Bee_Tin-Manila_Metro_Manila_Luzon.html
376,"Raon St Quiapo Manila, Manila, Luzon Philippines",,,Globe Lumpia House,https://www.tripadvisor.com.my//Restaurant_Review-g298573-d4325872-Reviews-Globe_Lumpia_House-Manila_Metro_Manila_Luzon.html
377,"1555 C. Adriatico Street Ermita, Manila, Luzon Philippines",,,Izakaya Den,https://www.tripadvisor.com.my//Restaurant_Review-g298573-d3206427-Reviews-Izakaya_Den-Manila_Metro_Manila_Luzon.html
378,"Ayala Avenue corner Makati Avenue, Makati, Luzon 1219 Philippines",+63 2 814 2580,rric.slm@shangri-la.com,Inagiku,https://www.tripadvisor.com.my//Restaurant_Review-g298450-d1782885-Reviews-Inagiku-Makati_Metro_Manila_Luzon.html
379,"La Scala Res. Building 2nd Floor 1711 Adriatico Street Malate, Manila, Luzon 1004 Philippines",+63 2 243 1771,info@lascalacafe.com,La Scala Cafe,https://www.tripadvisor.com.my//Restaurant_Review-g298573-d1984150-Reviews-La_Scala_Cafe-Manila_Metro_Manila_Luzon.html
380,"440 Quintin Paredes Street Corner Sabino Padilla St Binondo, Manila, Luzon Philippines",+63 2 242 8036,,Jollibee,https://www.tripadvisor.com.my//Restaurant_Review-g298573-d4603347-Reviews-Jollibee-Manila_Metro_Manila_Luzon.html
381,"One Rizal Park, Manila, Luzon 0913 Philippines",+63 2 527 0011,,Red Jade,https://www.tripadvisor.com.my//Restaurant_Review-g298573-d14188580-Reviews-Red_Jade-Manila_Metro_Manila_Luzon.html
382,"Level 2 Space #039 Robinson Place, Manila, Luzon Philippines",895-0999,,Mexicali,https://www.tripadvisor.com.my//Restaurant_Review-g298573-d6353877-Reviews-Mexicali-Manila_Metro_Manila_Luzon.html
383,"No. 561 & 563 Tomas Mapua St Sta. Cruz, Manila, Luzon Philippines",+63 2 733 9240,,David's Tea House,https://www.tripadvisor.com.my//Restaurant_Review-g298573-d1717751-Reviews-David_s_Tea_House-Manila_Metro_Manila_Luzon.html
384,"G/F Retail G-2, Avenue of the Arts, Roxas Blvd cor Sta. Monica & LM Guerrero St, Ermita, Manila, Luzon 1000 Philippines",+(63)846 57 18,cbtlNEW@coffeebean.com.ph,The Coffee Bean and Tea Leaf (Newport),https://www.tripadvisor.com.my//Restaurant_Review-g298573-d6672061-Reviews-The_Coffee_Bean_and_Tea_Leaf_Newport-Manila_Metro_Manila_Luzon.html
385,"G/F Greenbelt 5 Legaspi Street Ayala Center, Makati, Luzon Philippines",+63 2 728 0886,,"Mesa, Filipino Moderne",https://www.tripadvisor.com.my//Restaurant_Review-g298450-d1960621-Reviews-Mesa_Filipino_Moderne-Makati_Metro_Manila_Luzon.html
386,"Food Court, SM City Mall, Quezon City, Manila, Luzon Philippines",,,Mr Kimbob,https://www.tripadvisor.com.my//Restaurant_Review-g298573-d4300385-Reviews-Mr_Kimbob-Manila_Metro_Manila_Luzon.html
387,"JP. Laurel Memorial Building Roxas Blvd. corner Pedro Gil St., Malate, Manila, Luzon Philippines",,,Starbucks JP Laurel Building,https://www.tripadvisor.com.my//Restaurant_Review-g298573-d2712711-Reviews-Starbucks_JP_Laurel_Building-Manila_Metro_Manila_Luzon.html
388,"1030 Belen Street Garden Plaza Hotel, Paco, Manila, Luzon Philippines",521.3002,,Old Swiss Inn,https://www.tripadvisor.com.my//Restaurant_Review-g298573-d1960727-Reviews-Old_Swiss_Inn-Manila_Metro_Manila_Luzon.html
389,"1695 General Malvar Corner Maria Orosa, Manila, Luzon 1004 Philippines",+63 917 704 9827,,Zing Cafe,https://www.tripadvisor.com.my//Restaurant_Review-g298573-d12321063-Reviews-Zing_Cafe-Manila_Metro_Manila_Luzon.html
